Model name,Wins,Points
ga_generation_0_nn_1.keras, 0, 272
ga_generation_0_nn_10.keras, 4, 417
ga_generation_0_nn_13.keras, 0, 289
ga_generation_0_nn_12.keras, 2, 335
ga_generation_0_nn_17.keras, 2, 383
ga_generation_0_nn_15.keras, 3, 379
ga_generation_0_nn_14.keras, 0, 275
ga_generation_0_nn_11.keras, 1, 268
ga_generation_0_nn_16.keras, 1, 312
ga_generation_0_nn_18.keras, 2, 254
ga_generation_0_nn_19.keras, 1, 283
ga_generation_0_nn_3.keras, 0, 298
ga_generation_0_nn_9.keras, 1, 377
ga_generation_0_nn_2.keras, 0, 253
ga_generation_0_nn_8.keras, 1, 283
ga_generation_0_nn_5.keras, 1, 299
ga_generation_0_nn_7.keras, 2, 301
ga_generation_0_nn_6.keras, 2, 349
ga_generation_0_nn_20.keras, 2, 357
ga_generation_0_nn_4.keras, 1, 214
ga_generation_1_nn_6.keras, 1, 407
ga_generation_1_nn_17.keras, 2, 318
ga_generation_1_nn_20.keras, 3, 417
ga_generation_1_nn_13.keras, 3, 403
ga_generation_1_nn_4.keras, 1, 326
ga_generation_1_nn_10.keras, 1, 306
ga_generation_1_nn_5.keras, 0, 285
ga_generation_1_nn_16.keras, 1, 336
ga_generation_1_nn_9.keras, 1, 307
ga_generation_1_nn_1.keras, 2, 363
ga_generation_1_nn_15.keras, 2, 406
ga_generation_1_nn_12.keras, 2, 347
ga_generation_1_nn_19.keras, 1, 407
ga_generation_1_nn_11.keras, 2, 373
ga_generation_1_nn_14.keras, 2, 341
ga_generation_1_nn_3.keras, 3, 416
ga_generation_1_nn_7.keras, 0, 285
ga_generation_1_nn_2.keras, 1, 303
ga_generation_1_nn_8.keras, 1, 251
ga_generation_1_nn_18.keras, 3, 402
ga_generation_2_nn_5.keras, 0, 235
ga_generation_2_nn_15.keras, 1, 290
ga_generation_2_nn_4.keras, 0, 248
ga_generation_2_nn_13.keras, 1, 420
ga_generation_2_nn_8.keras, 0, 241
ga_generation_2_nn_14.keras, 2, 391
ga_generation_2_nn_16.keras, 1, 311
ga_generation_2_nn_10.keras, 1, 288
ga_generation_2_nn_9.keras, 0, 276
ga_generation_2_nn_7.keras, 1, 240
ga_generation_2_nn_18.keras, 3, 381
ga_generation_2_nn_12.keras, 0, 269
ga_generation_2_nn_1.keras, 0, 317
ga_generation_2_nn_6.keras, 1, 320
ga_generation_2_nn_19.keras, 0, 269
ga_generation_2_nn_20.keras, 2, 320
ga_generation_2_nn_2.keras, 1, 280
ga_generation_2_nn_11.keras, 3, 387
ga_generation_2_nn_17.keras, 1, 241
ga_generation_2_nn_3.keras, 1, 319
ga_generation_3_nn_14.keras, 1, 278
ga_generation_3_nn_3.keras, 1, 274
ga_generation_3_nn_4.keras, 1, 324
ga_generation_3_nn_16.keras, 1, 267
ga_generation_3_nn_11.keras, 0, 305
ga_generation_3_nn_5.keras, 2, 324
ga_generation_3_nn_15.keras, 2, 358
ga_generation_3_nn_13.keras, 1, 282
ga_generation_3_nn_20.keras, 5, 411
ga_generation_3_nn_7.keras, 1, 276
ga_generation_3_nn_19.keras, 1, 317
ga_generation_3_nn_12.keras, 1, 258
ga_generation_3_nn_9.keras, 0, 221
ga_generation_3_nn_17.keras, 1, 313
ga_generation_3_nn_8.keras, 1, 355
ga_generation_3_nn_10.keras, 1, 323
ga_generation_3_nn_1.keras, 0, 237
ga_generation_3_nn_18.keras, 2, 388
ga_generation_3_nn_6.keras, 0, 337
ga_generation_3_nn_2.keras, 1, 332
ga_generation_4_nn_8.keras, 1, 340
ga_generation_4_nn_11.keras, 0, 287
ga_generation_4_nn_20.keras, 0, 284
ga_generation_4_nn_4.keras, 2, 372
ga_generation_4_nn_19.keras, 0, 326
ga_generation_4_nn_3.keras, 1, 277
ga_generation_4_nn_13.keras, 1, 281
ga_generation_4_nn_2.keras, 1, 305
ga_generation_4_nn_1.keras, 2, 327
ga_generation_4_nn_15.keras, 0, 336
ga_generation_4_nn_6.keras, 1, 280
ga_generation_4_nn_10.keras, 1, 288
ga_generation_4_nn_12.keras, 0, 317
ga_generation_4_nn_16.keras, 1, 274
ga_generation_4_nn_5.keras, 1, 310
ga_generation_4_nn_14.keras, 1, 352
ga_generation_4_nn_9.keras, 0, 266
ga_generation_4_nn_18.keras, 3, 381
ga_generation_4_nn_7.keras, 0, 247
ga_generation_4_nn_17.keras, 0, 349
ga_generation_5_nn_11.keras, 0, 247
ga_generation_5_nn_8.keras, 0, 237
ga_generation_5_nn_9.keras, 1, 286
ga_generation_5_nn_7.keras, 1, 376
ga_generation_5_nn_18.keras, 0, 291
ga_generation_5_nn_12.keras, 2, 358
ga_generation_5_nn_6.keras, 0, 318
ga_generation_5_nn_1.keras, 1, 341
ga_generation_5_nn_19.keras, 2, 286
ga_generation_5_nn_2.keras, 3, 381
ga_generation_5_nn_5.keras, 1, 277
ga_generation_5_nn_3.keras, 0, 289
ga_generation_5_nn_4.keras, 0, 257
ga_generation_5_nn_13.keras, 0, 302
ga_generation_5_nn_14.keras, 0, 334
ga_generation_5_nn_15.keras, 2, 282
ga_generation_5_nn_10.keras, 1, 368
ga_generation_5_nn_20.keras, 0, 221
ga_generation_5_nn_16.keras, 0, 307
ga_generation_5_nn_17.keras, 1, 313
ga_generation_6_nn_14.keras, 0, 261
ga_generation_6_nn_11.keras, 1, 253
ga_generation_6_nn_5.keras, 1, 371
ga_generation_6_nn_13.keras, 2, 307
ga_generation_6_nn_6.keras, 2, 328
ga_generation_6_nn_3.keras, 1, 330
ga_generation_6_nn_20.keras, 1, 313
ga_generation_6_nn_1.keras, 0, 262
ga_generation_6_nn_16.keras, 2, 370
ga_generation_6_nn_15.keras, 1, 307
ga_generation_6_nn_2.keras, 3, 356
ga_generation_6_nn_9.keras, 2, 344
ga_generation_6_nn_4.keras, 2, 389
ga_generation_6_nn_19.keras, 0, 256
ga_generation_6_nn_12.keras, 0, 274
ga_generation_6_nn_7.keras, 2, 346
ga_generation_6_nn_10.keras, 0, 340
ga_generation_6_nn_8.keras, 1, 308
ga_generation_6_nn_18.keras, 1, 272
ga_generation_6_nn_17.keras, 2, 384
ga_generation_7_nn_1.keras, 1, 304
ga_generation_7_nn_17.keras, 1, 245
ga_generation_7_nn_16.keras, 0, 247
ga_generation_7_nn_19.keras, 1, 319
ga_generation_7_nn_20.keras, 2, 297
ga_generation_7_nn_5.keras, 2, 390
ga_generation_7_nn_14.keras, 1, 255
ga_generation_7_nn_18.keras, 2, 373
ga_generation_7_nn_4.keras, 2, 352
ga_generation_7_nn_6.keras, 1, 309
ga_generation_7_nn_2.keras, 1, 322
ga_generation_7_nn_12.keras, 1, 313
ga_generation_7_nn_8.keras, 2, 345
ga_generation_7_nn_3.keras, 1, 303
ga_generation_7_nn_13.keras, 0, 323
ga_generation_7_nn_9.keras, 4, 429
ga_generation_7_nn_11.keras, 1, 268
ga_generation_7_nn_7.keras, 2, 336
ga_generation_7_nn_10.keras, 1, 273
ga_generation_7_nn_15.keras, 1, 327
ga_generation_8_nn_6.keras, 2, 272
ga_generation_8_nn_7.keras, 0, 286
ga_generation_8_nn_1.keras, 1, 387
ga_generation_8_nn_18.keras, 1, 325
ga_generation_8_nn_15.keras, 0, 344
ga_generation_8_nn_16.keras, 0, 266
ga_generation_8_nn_11.keras, 3, 395
ga_generation_8_nn_20.keras, 1, 292
ga_generation_8_nn_10.keras, 2, 367
ga_generation_8_nn_17.keras, 0, 273
ga_generation_8_nn_8.keras, 1, 363
ga_generation_8_nn_14.keras, 1, 260
ga_generation_8_nn_19.keras, 0, 307
ga_generation_8_nn_4.keras, 0, 231
ga_generation_8_nn_12.keras, 1, 332
ga_generation_8_nn_9.keras, 2, 323
ga_generation_8_nn_2.keras, 0, 271
ga_generation_8_nn_13.keras, 1, 303
ga_generation_8_nn_5.keras, 0, 256
ga_generation_8_nn_3.keras, 2, 420
ga_generation_9_nn_13.keras, 3, 396
ga_generation_9_nn_4.keras, 0, 302
ga_generation_9_nn_16.keras, 1, 311
ga_generation_9_nn_20.keras, 1, 332
ga_generation_9_nn_12.keras, 2, 270
ga_generation_9_nn_19.keras, 1, 284
ga_generation_9_nn_18.keras, 2, 400
ga_generation_9_nn_3.keras, 0, 293
ga_generation_9_nn_9.keras, 4, 436
ga_generation_9_nn_15.keras, 0, 258
ga_generation_9_nn_5.keras, 3, 419
ga_generation_9_nn_14.keras, 4, 374
ga_generation_9_nn_7.keras, 4, 386
ga_generation_9_nn_11.keras, 2, 411
ga_generation_9_nn_1.keras, 3, 470
ga_generation_9_nn_8.keras, 0, 284
ga_generation_9_nn_17.keras, 1, 308
ga_generation_9_nn_6.keras, 1, 347
ga_generation_9_nn_2.keras, 2, 319
ga_generation_9_nn_10.keras, 1, 314
ga_generation_10_nn_20.keras, 1, 343
ga_generation_10_nn_4.keras, 1, 317
ga_generation_10_nn_14.keras, 0, 319
ga_generation_10_nn_3.keras, 2, 302
ga_generation_10_nn_5.keras, 2, 324
ga_generation_10_nn_12.keras, 0, 244
ga_generation_10_nn_6.keras, 2, 345
ga_generation_10_nn_15.keras, 1, 317
ga_generation_10_nn_18.keras, 1, 214
ga_generation_10_nn_10.keras, 2, 349
ga_generation_10_nn_7.keras, 0, 256
ga_generation_10_nn_13.keras, 0, 243
ga_generation_10_nn_9.keras, 3, 391
ga_generation_10_nn_11.keras, 3, 431
ga_generation_10_nn_2.keras, 2, 352
ga_generation_10_nn_19.keras, 1, 383
ga_generation_10_nn_8.keras, 0, 267
ga_generation_10_nn_1.keras, 2, 336
ga_generation_10_nn_16.keras, 1, 289
ga_generation_10_nn_17.keras, 0, 302
ga_generation_11_nn_20.keras, 1, 360
ga_generation_11_nn_15.keras, 3, 395
ga_generation_11_nn_2.keras, 0, 232
ga_generation_11_nn_9.keras, 1, 301
ga_generation_11_nn_7.keras, 1, 336
ga_generation_11_nn_12.keras, 3, 466
ga_generation_11_nn_4.keras, 1, 341
ga_generation_11_nn_6.keras, 0, 310
ga_generation_11_nn_19.keras, 5, 405
ga_generation_11_nn_11.keras, 1, 319
ga_generation_11_nn_3.keras, 2, 359
ga_generation_11_nn_18.keras, 0, 284
ga_generation_11_nn_8.keras, 1, 304
ga_generation_11_nn_16.keras, 3, 383
ga_generation_11_nn_14.keras, 0, 237
ga_generation_11_nn_10.keras, 0, 300
ga_generation_11_nn_5.keras, 2, 338
ga_generation_11_nn_13.keras, 1, 275
ga_generation_11_nn_1.keras, 0, 316
ga_generation_11_nn_17.keras, 1, 288
ga_generation_12_nn_10.keras, 0, 253
ga_generation_12_nn_17.keras, 2, 397
ga_generation_12_nn_5.keras, 1, 307
ga_generation_12_nn_8.keras, 0, 290
ga_generation_12_nn_11.keras, 0, 285
ga_generation_12_nn_7.keras, 0, 313
ga_generation_12_nn_18.keras, 1, 319
ga_generation_12_nn_1.keras, 1, 344
ga_generation_12_nn_14.keras, 3, 355
ga_generation_12_nn_15.keras, 3, 407
ga_generation_12_nn_4.keras, 1, 313
ga_generation_12_nn_3.keras, 2, 323
ga_generation_12_nn_13.keras, 1, 321
ga_generation_12_nn_20.keras, 0, 271
ga_generation_12_nn_16.keras, 2, 381
ga_generation_12_nn_9.keras, 0, 298
ga_generation_12_nn_12.keras, 1, 283
ga_generation_12_nn_2.keras, 3, 424
ga_generation_12_nn_6.keras, 3, 417
ga_generation_12_nn_19.keras, 2, 401
ga_generation_13_nn_7.keras, 2, 332
ga_generation_13_nn_16.keras, 1, 321
ga_generation_13_nn_6.keras, 2, 313
ga_generation_13_nn_18.keras, 0, 303
ga_generation_13_nn_4.keras, 2, 343
ga_generation_13_nn_1.keras, 0, 296
ga_generation_13_nn_10.keras, 0, 299
ga_generation_13_nn_17.keras, 1, 346
ga_generation_13_nn_13.keras, 2, 354
ga_generation_13_nn_3.keras, 3, 382
ga_generation_13_nn_19.keras, 3, 383
ga_generation_13_nn_14.keras, 3, 435
ga_generation_13_nn_5.keras, 1, 325
ga_generation_13_nn_8.keras, 3, 365
ga_generation_13_nn_11.keras, 1, 373
ga_generation_13_nn_2.keras, 0, 313
ga_generation_13_nn_20.keras, 1, 301
ga_generation_13_nn_15.keras, 0, 278
ga_generation_13_nn_9.keras, 3, 394
ga_generation_13_nn_12.keras, 0, 264
ga_generation_14_nn_9.keras, 0, 220
ga_generation_14_nn_2.keras, 2, 337
ga_generation_14_nn_3.keras, 0, 224
ga_generation_14_nn_17.keras, 1, 253
ga_generation_14_nn_14.keras, 2, 366
ga_generation_14_nn_6.keras, 2, 342
ga_generation_14_nn_20.keras, 1, 342
ga_generation_14_nn_19.keras, 0, 342
ga_generation_14_nn_13.keras, 0, 280
ga_generation_14_nn_5.keras, 0, 248
ga_generation_14_nn_16.keras, 0, 343
ga_generation_14_nn_12.keras, 3, 360
ga_generation_14_nn_15.keras, 2, 366
ga_generation_14_nn_10.keras, 0, 247
ga_generation_14_nn_18.keras, 1, 301
ga_generation_14_nn_7.keras, 1, 367
ga_generation_14_nn_8.keras, 0, 331
ga_generation_14_nn_4.keras, 0, 295
ga_generation_14_nn_1.keras, 1, 364
ga_generation_14_nn_11.keras, 0, 249
ga_generation_15_nn_13.keras, 2, 396
ga_generation_15_nn_14.keras, 1, 293
ga_generation_15_nn_3.keras, 0, 265
ga_generation_15_nn_20.keras, 0, 265
ga_generation_15_nn_15.keras, 1, 310
ga_generation_15_nn_4.keras, 2, 417
ga_generation_15_nn_7.keras, 1, 292
ga_generation_15_nn_10.keras, 1, 354
ga_generation_15_nn_9.keras, 0, 236
ga_generation_15_nn_8.keras, 0, 309
ga_generation_15_nn_16.keras, 2, 315
ga_generation_15_nn_18.keras, 3, 376
ga_generation_15_nn_11.keras, 1, 351
ga_generation_15_nn_1.keras, 0, 245
ga_generation_15_nn_5.keras, 2, 302
ga_generation_15_nn_12.keras, 0, 357
ga_generation_15_nn_2.keras, 1, 331
ga_generation_15_nn_17.keras, 1, 367
ga_generation_15_nn_6.keras, 3, 422
ga_generation_15_nn_19.keras, 3, 355
ga_generation_16_nn_18.keras, 0, 233
ga_generation_16_nn_13.keras, 2, 327
ga_generation_16_nn_10.keras, 1, 297
ga_generation_16_nn_2.keras, 0, 309
ga_generation_16_nn_12.keras, 0, 253
ga_generation_16_nn_9.keras, 2, 354
ga_generation_16_nn_4.keras, 4, 455
ga_generation_16_nn_14.keras, 3, 360
ga_generation_16_nn_7.keras, 1, 356
ga_generation_16_nn_5.keras, 0, 186
ga_generation_16_nn_16.keras, 1, 287
ga_generation_16_nn_15.keras, 3, 359
ga_generation_16_nn_17.keras, 1, 287
ga_generation_16_nn_19.keras, 1, 329
ga_generation_16_nn_3.keras, 0, 323
ga_generation_16_nn_8.keras, 1, 357
ga_generation_16_nn_1.keras, 1, 309
ga_generation_16_nn_6.keras, 1, 266
ga_generation_16_nn_11.keras, 0, 264
ga_generation_16_nn_20.keras, 1, 322
ga_generation_17_nn_7.keras, 2, 260
ga_generation_17_nn_6.keras, 1, 301
ga_generation_17_nn_1.keras, 2, 280
ga_generation_17_nn_17.keras, 1, 312
ga_generation_17_nn_10.keras, 2, 405
ga_generation_17_nn_18.keras, 1, 286
ga_generation_17_nn_5.keras, 0, 296
ga_generation_17_nn_13.keras, 1, 311
ga_generation_17_nn_11.keras, 0, 275
ga_generation_17_nn_20.keras, 3, 371
ga_generation_17_nn_16.keras, 4, 404
ga_generation_17_nn_4.keras, 2, 333
ga_generation_17_nn_19.keras, 1, 262
ga_generation_17_nn_2.keras, 1, 260
ga_generation_17_nn_9.keras, 3, 323
ga_generation_17_nn_15.keras, 1, 325
ga_generation_17_nn_12.keras, 1, 331
ga_generation_17_nn_3.keras, 1, 282
ga_generation_17_nn_14.keras, 1, 331
ga_generation_17_nn_8.keras, 0, 290
ga_generation_18_nn_7.keras, 1, 341
ga_generation_18_nn_6.keras, 2, 371
ga_generation_18_nn_18.keras, 2, 322
ga_generation_18_nn_10.keras, 1, 284
ga_generation_18_nn_1.keras, 0, 245
ga_generation_18_nn_9.keras, 1, 305
ga_generation_18_nn_13.keras, 1, 366
ga_generation_18_nn_5.keras, 3, 424
ga_generation_18_nn_20.keras, 2, 327
ga_generation_18_nn_4.keras, 0, 216
ga_generation_18_nn_16.keras, 2, 355
ga_generation_18_nn_3.keras, 1, 293
ga_generation_18_nn_12.keras, 0, 291
ga_generation_18_nn_14.keras, 2, 328
ga_generation_18_nn_2.keras, 1, 347
ga_generation_18_nn_15.keras, 1, 334
ga_generation_18_nn_8.keras, 1, 362
ga_generation_18_nn_11.keras, 1, 361
ga_generation_18_nn_19.keras, 3, 352
ga_generation_18_nn_17.keras, 4, 425
ga_generation_19_nn_19.keras, 1, 330
ga_generation_19_nn_8.keras, 0, 276
ga_generation_19_nn_5.keras, 1, 339
ga_generation_19_nn_11.keras, 0, 283
ga_generation_19_nn_16.keras, 0, 281
ga_generation_19_nn_7.keras, 1, 293
ga_generation_19_nn_3.keras, 1, 225
ga_generation_19_nn_1.keras, 0, 318
ga_generation_19_nn_17.keras, 0, 302
ga_generation_19_nn_12.keras, 0, 273
ga_generation_19_nn_20.keras, 3, 349
ga_generation_19_nn_10.keras, 1, 328
ga_generation_19_nn_6.keras, 1, 354
ga_generation_19_nn_18.keras, 2, 370
ga_generation_19_nn_13.keras, 2, 366
ga_generation_19_nn_2.keras, 0, 329
ga_generation_19_nn_4.keras, 0, 235
ga_generation_19_nn_9.keras, 1, 371
ga_generation_19_nn_15.keras, 0, 283
ga_generation_19_nn_14.keras, 2, 435
ga_generation_20_nn_8.keras, 3, 338
ga_generation_20_nn_2.keras, 1, 265
ga_generation_20_nn_18.keras, 1, 339
ga_generation_20_nn_10.keras, 1, 321
ga_generation_20_nn_4.keras, 0, 317
ga_generation_20_nn_20.keras, 2, 316
ga_generation_20_nn_13.keras, 0, 237
ga_generation_20_nn_12.keras, 1, 360
ga_generation_20_nn_7.keras, 2, 398
ga_generation_20_nn_1.keras, 2, 347
ga_generation_20_nn_3.keras, 0, 270
ga_generation_20_nn_17.keras, 1, 317
ga_generation_20_nn_11.keras, 1, 313
ga_generation_20_nn_6.keras, 2, 372
ga_generation_20_nn_9.keras, 1, 297
ga_generation_20_nn_15.keras, 0, 252
ga_generation_20_nn_16.keras, 1, 322
ga_generation_20_nn_5.keras, 1, 314
ga_generation_20_nn_14.keras, 0, 310
ga_generation_20_nn_19.keras, 2, 377
ga_generation_21_nn_12.keras, 1, 327
ga_generation_21_nn_7.keras, 1, 320
ga_generation_21_nn_20.keras, 0, 256
ga_generation_21_nn_9.keras, 3, 355
ga_generation_21_nn_13.keras, 2, 366
ga_generation_21_nn_19.keras, 1, 307
ga_generation_21_nn_8.keras, 0, 264
ga_generation_21_nn_14.keras, 1, 329
ga_generation_21_nn_18.keras, 0, 239
ga_generation_21_nn_2.keras, 1, 279
ga_generation_21_nn_4.keras, 0, 309
ga_generation_21_nn_16.keras, 1, 349
ga_generation_21_nn_6.keras, 1, 305
ga_generation_21_nn_11.keras, 1, 327
ga_generation_21_nn_17.keras, 2, 434
ga_generation_21_nn_5.keras, 1, 300
ga_generation_21_nn_1.keras, 0, 315
ga_generation_21_nn_15.keras, 1, 348
ga_generation_21_nn_3.keras, 0, 188
ga_generation_21_nn_10.keras, 1, 296
ga_generation_22_nn_20.keras, 0, 252
ga_generation_22_nn_9.keras, 1, 313
ga_generation_22_nn_8.keras, 2, 411
ga_generation_22_nn_3.keras, 2, 344
ga_generation_22_nn_2.keras, 1, 311
ga_generation_22_nn_17.keras, 1, 313
ga_generation_22_nn_12.keras, 1, 335
ga_generation_22_nn_19.keras, 1, 356
ga_generation_22_nn_11.keras, 0, 371
ga_generation_22_nn_18.keras, 0, 197
ga_generation_22_nn_14.keras, 3, 428
ga_generation_22_nn_7.keras, 2, 380
ga_generation_22_nn_5.keras, 2, 314
ga_generation_22_nn_4.keras, 0, 237
ga_generation_22_nn_13.keras, 3, 399
ga_generation_22_nn_10.keras, 2, 343
ga_generation_22_nn_6.keras, 1, 357
ga_generation_22_nn_1.keras, 2, 278
ga_generation_22_nn_16.keras, 1, 289
ga_generation_22_nn_15.keras, 3, 433
ga_generation_23_nn_11.keras, 2, 370
ga_generation_23_nn_19.keras, 2, 363
ga_generation_23_nn_5.keras, 0, 287
ga_generation_23_nn_7.keras, 0, 327
ga_generation_23_nn_16.keras, 0, 309
ga_generation_23_nn_18.keras, 1, 325
ga_generation_23_nn_20.keras, 1, 333
ga_generation_23_nn_3.keras, 1, 351
ga_generation_23_nn_14.keras, 1, 331
ga_generation_23_nn_17.keras, 2, 333
ga_generation_23_nn_10.keras, 0, 282
ga_generation_23_nn_15.keras, 1, 311
ga_generation_23_nn_6.keras, 1, 381
ga_generation_23_nn_4.keras, 0, 294
ga_generation_23_nn_12.keras, 1, 365
ga_generation_23_nn_1.keras, 5, 427
ga_generation_23_nn_9.keras, 1, 315
ga_generation_23_nn_2.keras, 1, 304
ga_generation_23_nn_13.keras, 2, 315
ga_generation_23_nn_8.keras, 2, 341
ga_generation_24_nn_1.keras, 0, 336
ga_generation_24_nn_6.keras, 0, 341
ga_generation_24_nn_7.keras, 0, 396
ga_generation_24_nn_17.keras, 1, 294
ga_generation_24_nn_10.keras, 5, 439
ga_generation_24_nn_16.keras, 2, 318
ga_generation_24_nn_3.keras, 2, 314
ga_generation_24_nn_14.keras, 0, 331
ga_generation_24_nn_2.keras, 2, 344
ga_generation_24_nn_4.keras, 1, 322
ga_generation_24_nn_20.keras, 1, 275
ga_generation_24_nn_19.keras, 2, 389
ga_generation_24_nn_15.keras, 1, 313
ga_generation_24_nn_18.keras, 3, 373
ga_generation_24_nn_5.keras, 1, 252
ga_generation_24_nn_9.keras, 1, 315
ga_generation_24_nn_11.keras, 1, 323
ga_generation_24_nn_8.keras, 0, 273
ga_generation_24_nn_12.keras, 1, 354
ga_generation_24_nn_13.keras, 1, 342
ga_generation_25_nn_16.keras, 2, 354
ga_generation_25_nn_10.keras, 0, 278
ga_generation_25_nn_7.keras, 1, 270
ga_generation_25_nn_17.keras, 1, 319
ga_generation_25_nn_2.keras, 1, 290
ga_generation_25_nn_20.keras, 0, 294
ga_generation_25_nn_14.keras, 1, 319
ga_generation_25_nn_18.keras, 1, 339
ga_generation_25_nn_15.keras, 1, 289
ga_generation_25_nn_1.keras, 1, 270
ga_generation_25_nn_12.keras, 1, 319
ga_generation_25_nn_8.keras, 0, 275
ga_generation_25_nn_13.keras, 1, 305
ga_generation_25_nn_6.keras, 1, 300
ga_generation_25_nn_4.keras, 1, 270
ga_generation_25_nn_19.keras, 2, 312
ga_generation_25_nn_11.keras, 1, 350
ga_generation_25_nn_5.keras, 2, 375
ga_generation_25_nn_9.keras, 1, 324
ga_generation_25_nn_3.keras, 1, 351
ga_generation_26_nn_17.keras, 1, 293
ga_generation_26_nn_6.keras, 0, 276
ga_generation_26_nn_4.keras, 1, 313
ga_generation_26_nn_5.keras, 2, 349
ga_generation_26_nn_1.keras, 0, 285
ga_generation_26_nn_14.keras, 2, 386
ga_generation_26_nn_19.keras, 3, 408
ga_generation_26_nn_20.keras, 0, 275
ga_generation_26_nn_16.keras, 0, 285
ga_generation_26_nn_13.keras, 3, 370
ga_generation_26_nn_7.keras, 2, 310
ga_generation_26_nn_15.keras, 0, 274
ga_generation_26_nn_12.keras, 0, 308
ga_generation_26_nn_2.keras, 1, 261
ga_generation_26_nn_11.keras, 0, 237
ga_generation_26_nn_3.keras, 0, 241
ga_generation_26_nn_9.keras, 1, 271
ga_generation_26_nn_8.keras, 0, 282
ga_generation_26_nn_18.keras, 1, 304
ga_generation_26_nn_10.keras, 1, 258
ga_generation_27_nn_12.keras, 4, 455
ga_generation_27_nn_3.keras, 0, 282
ga_generation_27_nn_20.keras, 2, 334
ga_generation_27_nn_16.keras, 0, 259
ga_generation_27_nn_9.keras, 2, 367
ga_generation_27_nn_15.keras, 1, 239
ga_generation_27_nn_7.keras, 1, 264
ga_generation_27_nn_4.keras, 2, 320
ga_generation_27_nn_13.keras, 0, 271
ga_generation_27_nn_18.keras, 1, 290
ga_generation_27_nn_8.keras, 0, 207
ga_generation_27_nn_14.keras, 0, 280
ga_generation_27_nn_1.keras, 1, 297
ga_generation_27_nn_10.keras, 1, 366
ga_generation_27_nn_11.keras, 1, 319
ga_generation_27_nn_2.keras, 2, 345
ga_generation_27_nn_5.keras, 3, 403
ga_generation_27_nn_19.keras, 2, 336
ga_generation_27_nn_6.keras, 2, 360
ga_generation_27_nn_17.keras, 2, 320
ga_generation_28_nn_17.keras, 0, 289
ga_generation_28_nn_6.keras, 0, 308
ga_generation_28_nn_7.keras, 0, 280
ga_generation_28_nn_20.keras, 3, 390
ga_generation_28_nn_14.keras, 0, 298
ga_generation_28_nn_18.keras, 2, 269
ga_generation_28_nn_10.keras, 1, 340
ga_generation_28_nn_13.keras, 4, 419
ga_generation_28_nn_2.keras, 0, 257
ga_generation_28_nn_15.keras, 0, 236
ga_generation_28_nn_5.keras, 2, 292
ga_generation_28_nn_3.keras, 2, 349
ga_generation_28_nn_1.keras, 1, 325
ga_generation_28_nn_4.keras, 1, 276
ga_generation_28_nn_19.keras, 0, 298
ga_generation_28_nn_9.keras, 3, 403
ga_generation_28_nn_16.keras, 1, 308
ga_generation_28_nn_8.keras, 0, 281
ga_generation_28_nn_12.keras, 1, 305
ga_generation_28_nn_11.keras, 3, 341
ga_generation_29_nn_19.keras, 2, 389
ga_generation_29_nn_18.keras, 1, 294
ga_generation_29_nn_10.keras, 2, 370
ga_generation_29_nn_11.keras, 1, 316
ga_generation_29_nn_8.keras, 0, 327
ga_generation_29_nn_7.keras, 2, 321
ga_generation_29_nn_6.keras, 1, 312
ga_generation_29_nn_13.keras, 1, 321
ga_generation_29_nn_3.keras, 4, 456
ga_generation_29_nn_17.keras, 1, 348
ga_generation_29_nn_20.keras, 0, 273
ga_generation_29_nn_14.keras, 0, 208
ga_generation_29_nn_9.keras, 0, 266
ga_generation_29_nn_15.keras, 3, 378
ga_generation_29_nn_16.keras, 2, 355
ga_generation_29_nn_1.keras, 1, 392
ga_generation_29_nn_4.keras, 3, 355
ga_generation_29_nn_12.keras, 4, 392
ga_generation_29_nn_2.keras, 0, 298
ga_generation_29_nn_5.keras, 0, 306
ga_generation_30_nn_19.keras, 1, 311
ga_generation_30_nn_9.keras, 2, 370
ga_generation_30_nn_2.keras, 1, 323
ga_generation_30_nn_12.keras, 1, 295
ga_generation_30_nn_7.keras, 0, 318
ga_generation_30_nn_14.keras, 2, 359
ga_generation_30_nn_4.keras, 0, 192
ga_generation_30_nn_8.keras, 1, 304
ga_generation_30_nn_20.keras, 0, 274
ga_generation_30_nn_15.keras, 2, 326
ga_generation_30_nn_17.keras, 1, 341
ga_generation_30_nn_10.keras, 0, 267
ga_generation_30_nn_5.keras, 0, 238
ga_generation_30_nn_11.keras, 1, 328
ga_generation_30_nn_6.keras, 1, 314
ga_generation_30_nn_1.keras, 1, 241
ga_generation_30_nn_3.keras, 1, 316
ga_generation_30_nn_16.keras, 0, 196
ga_generation_30_nn_18.keras, 0, 229
ga_generation_30_nn_13.keras, 2, 336
ga_generation_31_nn_16.keras, 2, 317
ga_generation_31_nn_13.keras, 0, 302
ga_generation_31_nn_3.keras, 3, 409
ga_generation_31_nn_15.keras, 2, 298
ga_generation_31_nn_10.keras, 2, 327
ga_generation_31_nn_8.keras, 2, 341
ga_generation_31_nn_7.keras, 1, 308
ga_generation_31_nn_12.keras, 0, 234
ga_generation_31_nn_5.keras, 4, 435
ga_generation_31_nn_9.keras, 1, 343
ga_generation_31_nn_14.keras, 1, 352
ga_generation_31_nn_1.keras, 0, 310
ga_generation_31_nn_11.keras, 1, 307
ga_generation_31_nn_18.keras, 3, 362
ga_generation_31_nn_2.keras, 0, 284
ga_generation_31_nn_4.keras, 2, 357
ga_generation_31_nn_19.keras, 1, 331
ga_generation_31_nn_6.keras, 2, 317
ga_generation_31_nn_17.keras, 0, 328
ga_generation_31_nn_20.keras, 1, 372
ga_generation_32_nn_8.keras, 1, 249
ga_generation_32_nn_7.keras, 0, 286
ga_generation_32_nn_10.keras, 1, 351
ga_generation_32_nn_3.keras, 1, 356
ga_generation_32_nn_6.keras, 0, 246
ga_generation_32_nn_19.keras, 1, 325
ga_generation_32_nn_16.keras, 1, 376
ga_generation_32_nn_4.keras, 2, 307
ga_generation_32_nn_17.keras, 1, 288
ga_generation_32_nn_5.keras, 1, 221
ga_generation_32_nn_9.keras, 2, 418
ga_generation_32_nn_14.keras, 0, 311
ga_generation_32_nn_12.keras, 2, 332
ga_generation_32_nn_11.keras, 2, 387
ga_generation_32_nn_2.keras, 0, 311
ga_generation_32_nn_20.keras, 0, 316
ga_generation_32_nn_13.keras, 2, 310
ga_generation_32_nn_15.keras, 0, 274
ga_generation_32_nn_18.keras, 2, 351
ga_generation_32_nn_1.keras, 1, 384
ga_generation_33_nn_11.keras, 0, 342
ga_generation_33_nn_12.keras, 2, 353
ga_generation_33_nn_9.keras, 2, 370
ga_generation_33_nn_13.keras, 3, 337
ga_generation_33_nn_8.keras, 0, 323
ga_generation_33_nn_2.keras, 0, 288
ga_generation_33_nn_20.keras, 1, 269
ga_generation_33_nn_5.keras, 0, 245
ga_generation_33_nn_3.keras, 1, 293
ga_generation_33_nn_6.keras, 2, 374
ga_generation_33_nn_18.keras, 2, 307
ga_generation_33_nn_16.keras, 1, 354
ga_generation_33_nn_7.keras, 1, 246
ga_generation_33_nn_15.keras, 1, 281
ga_generation_33_nn_1.keras, 1, 293
ga_generation_33_nn_17.keras, 4, 424
ga_generation_33_nn_14.keras, 1, 277
ga_generation_33_nn_19.keras, 3, 367
ga_generation_33_nn_4.keras, 0, 215
ga_generation_33_nn_10.keras, 1, 300
ga_generation_34_nn_19.keras, 3, 367
ga_generation_34_nn_15.keras, 1, 294
ga_generation_34_nn_4.keras, 1, 288
ga_generation_34_nn_6.keras, 0, 289
ga_generation_34_nn_3.keras, 2, 363
ga_generation_34_nn_14.keras, 1, 289
ga_generation_34_nn_1.keras, 2, 315
ga_generation_34_nn_11.keras, 3, 398
ga_generation_34_nn_12.keras, 2, 347
ga_generation_34_nn_9.keras, 2, 300
ga_generation_34_nn_18.keras, 0, 274
ga_generation_34_nn_2.keras, 0, 282
ga_generation_34_nn_20.keras, 1, 232
ga_generation_34_nn_5.keras, 0, 299
ga_generation_34_nn_8.keras, 1, 339
ga_generation_34_nn_10.keras, 2, 314
ga_generation_34_nn_16.keras, 0, 316
ga_generation_34_nn_17.keras, 0, 380
ga_generation_34_nn_13.keras, 0, 316
ga_generation_34_nn_7.keras, 2, 318
ga_generation_35_nn_2.keras, 2, 377
ga_generation_35_nn_9.keras, 0, 297
ga_generation_35_nn_10.keras, 1, 377
ga_generation_35_nn_16.keras, 0, 372
ga_generation_35_nn_1.keras, 0, 321
ga_generation_35_nn_20.keras, 0, 253
ga_generation_35_nn_8.keras, 1, 271
ga_generation_35_nn_18.keras, 0, 282
ga_generation_35_nn_11.keras, 2, 331
ga_generation_35_nn_19.keras, 1, 328
ga_generation_35_nn_4.keras, 1, 299
ga_generation_35_nn_5.keras, 0, 309
ga_generation_35_nn_12.keras, 1, 322
ga_generation_35_nn_7.keras, 0, 278
ga_generation_35_nn_14.keras, 1, 297
ga_generation_35_nn_13.keras, 0, 253
ga_generation_35_nn_6.keras, 0, 212
ga_generation_35_nn_3.keras, 4, 453
ga_generation_35_nn_15.keras, 3, 407
ga_generation_35_nn_17.keras, 3, 372
ga_generation_36_nn_13.keras, 4, 405
ga_generation_36_nn_5.keras, 1, 354
ga_generation_36_nn_8.keras, 0, 219
ga_generation_36_nn_20.keras, 2, 306
ga_generation_36_nn_17.keras, 0, 284
ga_generation_36_nn_4.keras, 1, 365
ga_generation_36_nn_14.keras, 1, 255
ga_generation_36_nn_15.keras, 0, 349
ga_generation_36_nn_6.keras, 1, 319
ga_generation_36_nn_16.keras, 0, 237
ga_generation_36_nn_9.keras, 2, 351
ga_generation_36_nn_7.keras, 2, 308
ga_generation_36_nn_2.keras, 3, 390
ga_generation_36_nn_12.keras, 1, 371
ga_generation_36_nn_19.keras, 1, 321
ga_generation_36_nn_10.keras, 0, 305
ga_generation_36_nn_3.keras, 1, 335
ga_generation_36_nn_18.keras, 1, 324
ga_generation_36_nn_1.keras, 0, 276
ga_generation_36_nn_11.keras, 2, 347
ga_generation_37_nn_11.keras, 0, 314
ga_generation_37_nn_8.keras, 1, 315
ga_generation_37_nn_15.keras, 2, 339
ga_generation_37_nn_1.keras, 1, 252
ga_generation_37_nn_18.keras, 1, 297
ga_generation_37_nn_7.keras, 1, 351
ga_generation_37_nn_3.keras, 0, 276
ga_generation_37_nn_19.keras, 1, 256
ga_generation_37_nn_6.keras, 0, 302
ga_generation_37_nn_16.keras, 0, 255
ga_generation_37_nn_2.keras, 1, 296
ga_generation_37_nn_10.keras, 1, 304
ga_generation_37_nn_17.keras, 0, 200
ga_generation_37_nn_14.keras, 1, 282
ga_generation_37_nn_12.keras, 1, 330
ga_generation_37_nn_20.keras, 2, 319
ga_generation_37_nn_4.keras, 1, 317
ga_generation_37_nn_5.keras, 2, 352
ga_generation_37_nn_13.keras, 1, 295
ga_generation_37_nn_9.keras, 0, 286
ga_generation_38_nn_19.keras, 2, 398
ga_generation_38_nn_13.keras, 0, 312
ga_generation_38_nn_14.keras, 2, 393
ga_generation_38_nn_18.keras, 2, 324
ga_generation_38_nn_10.keras, 0, 196
ga_generation_38_nn_16.keras, 3, 371
ga_generation_38_nn_17.keras, 1, 258
ga_generation_38_nn_12.keras, 1, 338
ga_generation_38_nn_5.keras, 2, 431
ga_generation_38_nn_2.keras, 2, 352
ga_generation_38_nn_8.keras, 1, 363
ga_generation_38_nn_3.keras, 1, 349
ga_generation_38_nn_9.keras, 0, 335
ga_generation_38_nn_4.keras, 2, 299
ga_generation_38_nn_6.keras, 0, 316
ga_generation_38_nn_20.keras, 2, 392
ga_generation_38_nn_1.keras, 0, 277
ga_generation_38_nn_11.keras, 0, 285
ga_generation_38_nn_15.keras, 1, 262
ga_generation_38_nn_7.keras, 2, 310
ga_generation_39_nn_15.keras, 3, 423
ga_generation_39_nn_11.keras, 2, 385
ga_generation_39_nn_20.keras, 2, 331
ga_generation_39_nn_4.keras, 1, 259
ga_generation_39_nn_14.keras, 0, 282
ga_generation_39_nn_12.keras, 3, 345
ga_generation_39_nn_1.keras, 2, 387
ga_generation_39_nn_7.keras, 0, 302
ga_generation_39_nn_19.keras, 0, 310
ga_generation_39_nn_16.keras, 0, 314
ga_generation_39_nn_5.keras, 2, 346
ga_generation_39_nn_3.keras, 2, 359
ga_generation_39_nn_2.keras, 4, 408
ga_generation_39_nn_17.keras, 1, 267
ga_generation_39_nn_9.keras, 3, 350
ga_generation_39_nn_10.keras, 1, 272
ga_generation_39_nn_18.keras, 2, 363
ga_generation_39_nn_8.keras, 1, 399
ga_generation_39_nn_6.keras, 1, 273
ga_generation_39_nn_13.keras, 2, 342
ga_generation_40_nn_9.keras, 0, 308
ga_generation_40_nn_19.keras, 0, 284
ga_generation_40_nn_8.keras, 1, 284
ga_generation_40_nn_12.keras, 0, 298
ga_generation_40_nn_20.keras, 2, 282
ga_generation_40_nn_4.keras, 2, 314
ga_generation_40_nn_14.keras, 0, 292
ga_generation_40_nn_17.keras, 1, 292
ga_generation_40_nn_13.keras, 1, 335
ga_generation_40_nn_11.keras, 0, 246
ga_generation_40_nn_7.keras, 0, 285
ga_generation_40_nn_16.keras, 0, 298
ga_generation_40_nn_5.keras, 1, 346
ga_generation_40_nn_6.keras, 0, 247
ga_generation_40_nn_2.keras, 1, 249
ga_generation_40_nn_15.keras, 0, 309
ga_generation_40_nn_18.keras, 1, 319
ga_generation_40_nn_1.keras, 0, 244
ga_generation_40_nn_3.keras, 0, 200
ga_generation_40_nn_10.keras, 0, 284
ga_generation_41_nn_12.keras, 0, 306
ga_generation_41_nn_2.keras, 1, 355
ga_generation_41_nn_3.keras, 5, 418
ga_generation_41_nn_11.keras, 2, 389
ga_generation_41_nn_8.keras, 0, 255
ga_generation_41_nn_10.keras, 0, 299
ga_generation_41_nn_19.keras, 0, 307
ga_generation_41_nn_15.keras, 1, 299
ga_generation_41_nn_7.keras, 2, 366
ga_generation_41_nn_13.keras, 1, 289
ga_generation_41_nn_18.keras, 1, 262
ga_generation_41_nn_1.keras, 0, 226
ga_generation_41_nn_6.keras, 1, 283
ga_generation_41_nn_5.keras, 0, 260
ga_generation_41_nn_17.keras, 2, 322
ga_generation_41_nn_20.keras, 1, 298
ga_generation_41_nn_9.keras, 1, 258
ga_generation_41_nn_4.keras, 1, 250
ga_generation_41_nn_16.keras, 2, 402
ga_generation_41_nn_14.keras, 0, 290
ga_generation_42_nn_3.keras, 1, 358
ga_generation_42_nn_4.keras, 0, 211
ga_generation_42_nn_13.keras, 0, 297
ga_generation_42_nn_15.keras, 1, 253
ga_generation_42_nn_14.keras, 2, 346
ga_generation_42_nn_12.keras, 2, 299
ga_generation_42_nn_18.keras, 0, 296
ga_generation_42_nn_7.keras, 1, 372
ga_generation_42_nn_8.keras, 2, 309
ga_generation_42_nn_6.keras, 1, 359
ga_generation_42_nn_2.keras, 1, 366
ga_generation_42_nn_19.keras, 0, 312
ga_generation_42_nn_16.keras, 1, 374
ga_generation_42_nn_17.keras, 1, 294
ga_generation_42_nn_10.keras, 2, 342
ga_generation_42_nn_5.keras, 3, 426
ga_generation_42_nn_9.keras, 2, 318
ga_generation_42_nn_1.keras, 2, 364
ga_generation_42_nn_11.keras, 1, 322
ga_generation_42_nn_20.keras, 2, 305
ga_generation_43_nn_5.keras, 2, 379
ga_generation_43_nn_8.keras, 0, 267
ga_generation_43_nn_10.keras, 0, 280
ga_generation_43_nn_16.keras, 0, 255
ga_generation_43_nn_13.keras, 1, 371
ga_generation_43_nn_1.keras, 1, 291
ga_generation_43_nn_7.keras, 0, 307
ga_generation_43_nn_19.keras, 1, 284
ga_generation_43_nn_14.keras, 2, 368
ga_generation_43_nn_6.keras, 1, 317
ga_generation_43_nn_17.keras, 1, 310
ga_generation_43_nn_9.keras, 0, 281
ga_generation_43_nn_20.keras, 1, 287
ga_generation_43_nn_15.keras, 1, 243
ga_generation_43_nn_2.keras, 0, 262
ga_generation_43_nn_3.keras, 0, 329
ga_generation_43_nn_4.keras, 1, 258
ga_generation_43_nn_12.keras, 1, 306
ga_generation_43_nn_18.keras, 0, 239
ga_generation_43_nn_11.keras, 2, 352
ga_generation_44_nn_4.keras, 3, 418
ga_generation_44_nn_2.keras, 1, 349
ga_generation_44_nn_20.keras, 2, 355
ga_generation_44_nn_14.keras, 3, 407
ga_generation_44_nn_11.keras, 0, 226
ga_generation_44_nn_9.keras, 1, 302
ga_generation_44_nn_5.keras, 0, 309
ga_generation_44_nn_1.keras, 2, 298
ga_generation_44_nn_10.keras, 0, 258
ga_generation_44_nn_6.keras, 1, 325
ga_generation_44_nn_3.keras, 1, 236
ga_generation_44_nn_8.keras, 4, 433
ga_generation_44_nn_16.keras, 0, 201
ga_generation_44_nn_19.keras, 0, 246
ga_generation_44_nn_7.keras, 1, 324
ga_generation_44_nn_12.keras, 0, 274
ga_generation_44_nn_17.keras, 1, 290
ga_generation_44_nn_15.keras, 2, 410
ga_generation_44_nn_13.keras, 1, 295
ga_generation_44_nn_18.keras, 0, 233
ga_generation_45_nn_19.keras, 1, 293
ga_generation_45_nn_14.keras, 0, 270
ga_generation_45_nn_20.keras, 2, 381
ga_generation_45_nn_4.keras, 0, 283
ga_generation_45_nn_10.keras, 1, 350
ga_generation_45_nn_18.keras, 1, 257
ga_generation_45_nn_11.keras, 1, 306
ga_generation_45_nn_2.keras, 1, 301
ga_generation_45_nn_5.keras, 3, 407
ga_generation_45_nn_12.keras, 2, 355
ga_generation_45_nn_7.keras, 1, 284
ga_generation_45_nn_8.keras, 1, 280
ga_generation_45_nn_17.keras, 1, 270
ga_generation_45_nn_6.keras, 1, 316
ga_generation_45_nn_16.keras, 0, 265
ga_generation_45_nn_13.keras, 0, 284
ga_generation_45_nn_3.keras, 1, 318
ga_generation_45_nn_9.keras, 1, 346
ga_generation_45_nn_15.keras, 0, 260
ga_generation_45_nn_1.keras, 2, 386
ga_generation_46_nn_5.keras, 3, 389
ga_generation_46_nn_19.keras, 1, 346
ga_generation_46_nn_4.keras, 1, 290
ga_generation_46_nn_11.keras, 0, 279
ga_generation_46_nn_16.keras, 4, 427
ga_generation_46_nn_6.keras, 2, 396
ga_generation_46_nn_8.keras, 1, 318
ga_generation_46_nn_17.keras, 2, 375
ga_generation_46_nn_12.keras, 1, 275
ga_generation_46_nn_2.keras, 1, 312
ga_generation_46_nn_9.keras, 2, 351
ga_generation_46_nn_7.keras, 1, 348
ga_generation_46_nn_18.keras, 0, 293
ga_generation_46_nn_14.keras, 1, 292
ga_generation_46_nn_13.keras, 1, 298
ga_generation_46_nn_10.keras, 1, 324
ga_generation_46_nn_20.keras, 1, 355
ga_generation_46_nn_1.keras, 1, 331
ga_generation_46_nn_15.keras, 0, 222
ga_generation_46_nn_3.keras, 0, 346
ga_generation_47_nn_20.keras, 2, 348
ga_generation_47_nn_6.keras, 2, 392
ga_generation_47_nn_13.keras, 1, 367
ga_generation_47_nn_7.keras, 1, 340
ga_generation_47_nn_15.keras, 0, 241
ga_generation_47_nn_18.keras, 3, 338
ga_generation_47_nn_17.keras, 2, 426
ga_generation_47_nn_10.keras, 2, 359
ga_generation_47_nn_3.keras, 0, 259
ga_generation_47_nn_19.keras, 1, 314
ga_generation_47_nn_8.keras, 1, 299
ga_generation_47_nn_5.keras, 1, 242
ga_generation_47_nn_4.keras, 2, 330
ga_generation_47_nn_1.keras, 1, 307
ga_generation_47_nn_16.keras, 0, 244
ga_generation_47_nn_12.keras, 1, 286
ga_generation_47_nn_14.keras, 1, 345
ga_generation_47_nn_11.keras, 3, 370
ga_generation_47_nn_2.keras, 0, 234
ga_generation_47_nn_9.keras, 0, 244
ga_generation_48_nn_12.keras, 0, 248
ga_generation_48_nn_9.keras, 0, 309
ga_generation_48_nn_14.keras, 0, 346
ga_generation_48_nn_16.keras, 2, 349
ga_generation_48_nn_2.keras, 0, 302
ga_generation_48_nn_6.keras, 0, 295
ga_generation_48_nn_15.keras, 1, 352
ga_generation_48_nn_4.keras, 0, 185
ga_generation_48_nn_1.keras, 1, 309
ga_generation_48_nn_11.keras, 0, 291
ga_generation_48_nn_18.keras, 1, 361
ga_generation_48_nn_7.keras, 1, 252
ga_generation_48_nn_13.keras, 2, 338
ga_generation_48_nn_10.keras, 2, 280
ga_generation_48_nn_19.keras, 2, 377
ga_generation_48_nn_5.keras, 0, 282
ga_generation_48_nn_8.keras, 2, 361
ga_generation_48_nn_20.keras, 1, 323
ga_generation_48_nn_17.keras, 1, 327
ga_generation_48_nn_3.keras, 2, 255
ga_generation_49_nn_4.keras, 2, 333
ga_generation_49_nn_3.keras, 2, 318
ga_generation_49_nn_2.keras, 2, 350
ga_generation_49_nn_10.keras, 0, 288
ga_generation_49_nn_7.keras, 0, 263
ga_generation_49_nn_16.keras, 0, 299
ga_generation_49_nn_14.keras, 0, 269
ga_generation_49_nn_13.keras, 2, 388
ga_generation_49_nn_6.keras, 2, 357
ga_generation_49_nn_11.keras, 2, 408
ga_generation_49_nn_18.keras, 2, 321
ga_generation_49_nn_1.keras, 1, 296
ga_generation_49_nn_17.keras, 1, 247
ga_generation_49_nn_9.keras, 0, 289
ga_generation_49_nn_12.keras, 0, 269
ga_generation_49_nn_19.keras, 2, 370
ga_generation_49_nn_20.keras, 2, 388
ga_generation_49_nn_5.keras, 1, 324
ga_generation_49_nn_15.keras, 2, 297
ga_generation_49_nn_8.keras, 1, 297
ga_generation_50_nn_8.keras, 1, 226
ga_generation_50_nn_2.keras, 2, 289
ga_generation_50_nn_11.keras, 1, 356
ga_generation_50_nn_7.keras, 1, 265
ga_generation_50_nn_12.keras, 2, 307
ga_generation_50_nn_9.keras, 0, 230
ga_generation_50_nn_19.keras, 4, 361
ga_generation_50_nn_18.keras, 1, 329
ga_generation_50_nn_17.keras, 0, 330
ga_generation_50_nn_15.keras, 1, 355
ga_generation_50_nn_14.keras, 1, 261
ga_generation_50_nn_6.keras, 2, 330
ga_generation_50_nn_3.keras, 0, 301
ga_generation_50_nn_4.keras, 2, 392
ga_generation_50_nn_1.keras, 1, 269
ga_generation_50_nn_16.keras, 0, 247
ga_generation_50_nn_5.keras, 0, 255
ga_generation_50_nn_10.keras, 2, 369
ga_generation_50_nn_13.keras, 2, 318
ga_generation_50_nn_20.keras, 1, 300
ga_generation_51_nn_16.keras, 1, 339
ga_generation_51_nn_1.keras, 0, 204
ga_generation_51_nn_5.keras, 0, 255
ga_generation_51_nn_4.keras, 5, 479
ga_generation_51_nn_15.keras, 2, 309
ga_generation_51_nn_2.keras, 1, 349
ga_generation_51_nn_8.keras, 0, 330
ga_generation_51_nn_20.keras, 0, 300
ga_generation_51_nn_14.keras, 0, 274
ga_generation_51_nn_11.keras, 0, 327
ga_generation_51_nn_7.keras, 1, 344
ga_generation_51_nn_9.keras, 2, 394
ga_generation_51_nn_18.keras, 3, 436
ga_generation_51_nn_10.keras, 0, 319
ga_generation_51_nn_13.keras, 0, 272
ga_generation_51_nn_12.keras, 0, 348
ga_generation_51_nn_17.keras, 2, 447
ga_generation_51_nn_3.keras, 0, 294
ga_generation_51_nn_19.keras, 1, 338
ga_generation_51_nn_6.keras, 1, 262
ga_generation_52_nn_14.keras, 1, 293
ga_generation_52_nn_20.keras, 2, 360
ga_generation_52_nn_19.keras, 1, 294
ga_generation_52_nn_3.keras, 3, 417
ga_generation_52_nn_1.keras, 1, 300
ga_generation_52_nn_7.keras, 2, 329
ga_generation_52_nn_16.keras, 0, 266
ga_generation_52_nn_6.keras, 0, 271
ga_generation_52_nn_13.keras, 2, 351
ga_generation_52_nn_2.keras, 1, 322
ga_generation_52_nn_15.keras, 2, 394
ga_generation_52_nn_12.keras, 3, 301
ga_generation_52_nn_4.keras, 1, 355
ga_generation_52_nn_8.keras, 0, 335
ga_generation_52_nn_11.keras, 1, 282
ga_generation_52_nn_17.keras, 1, 329
ga_generation_52_nn_5.keras, 1, 285
ga_generation_52_nn_18.keras, 1, 358
ga_generation_52_nn_9.keras, 0, 310
ga_generation_52_nn_10.keras, 1, 301
ga_generation_53_nn_19.keras, 3, 370
ga_generation_53_nn_12.keras, 1, 307
ga_generation_53_nn_9.keras, 1, 265
ga_generation_53_nn_17.keras, 0, 309
ga_generation_53_nn_18.keras, 1, 334
ga_generation_53_nn_11.keras, 2, 350
ga_generation_53_nn_4.keras, 1, 336
ga_generation_53_nn_1.keras, 0, 306
ga_generation_53_nn_5.keras, 1, 257
ga_generation_53_nn_16.keras, 2, 360
ga_generation_53_nn_15.keras, 1, 307
ga_generation_53_nn_6.keras, 0, 310
ga_generation_53_nn_2.keras, 0, 256
ga_generation_53_nn_20.keras, 1, 364
ga_generation_53_nn_10.keras, 1, 272
ga_generation_53_nn_7.keras, 0, 266
ga_generation_53_nn_3.keras, 0, 225
ga_generation_53_nn_13.keras, 0, 321
ga_generation_53_nn_8.keras, 2, 379
ga_generation_53_nn_14.keras, 0, 224
ga_generation_54_nn_6.keras, 0, 320
ga_generation_54_nn_1.keras, 2, 389
ga_generation_54_nn_17.keras, 1, 285
ga_generation_54_nn_5.keras, 1, 344
ga_generation_54_nn_15.keras, 1, 340
ga_generation_54_nn_20.keras, 0, 332
ga_generation_54_nn_19.keras, 0, 273
ga_generation_54_nn_14.keras, 1, 335
ga_generation_54_nn_13.keras, 0, 308
ga_generation_54_nn_11.keras, 2, 437
ga_generation_54_nn_7.keras, 0, 260
ga_generation_54_nn_2.keras, 0, 302
ga_generation_54_nn_18.keras, 0, 315
ga_generation_54_nn_8.keras, 1, 316
ga_generation_54_nn_3.keras, 2, 312
ga_generation_54_nn_9.keras, 0, 207
ga_generation_54_nn_4.keras, 2, 344
ga_generation_54_nn_16.keras, 0, 284
ga_generation_54_nn_10.keras, 2, 333
ga_generation_54_nn_12.keras, 1, 311
ga_generation_55_nn_3.keras, 2, 373
ga_generation_55_nn_1.keras, 1, 298
ga_generation_55_nn_2.keras, 1, 341
ga_generation_55_nn_19.keras, 4, 471
ga_generation_55_nn_5.keras, 2, 354
ga_generation_55_nn_15.keras, 2, 343
ga_generation_55_nn_20.keras, 1, 297
ga_generation_55_nn_7.keras, 0, 291
ga_generation_55_nn_18.keras, 0, 299
ga_generation_55_nn_11.keras, 0, 295
ga_generation_55_nn_8.keras, 1, 334
ga_generation_55_nn_13.keras, 1, 293
ga_generation_55_nn_6.keras, 0, 297
ga_generation_55_nn_17.keras, 1, 267
ga_generation_55_nn_16.keras, 0, 320
ga_generation_55_nn_12.keras, 0, 262
ga_generation_55_nn_10.keras, 0, 281
ga_generation_55_nn_14.keras, 1, 335
ga_generation_55_nn_9.keras, 0, 341
ga_generation_55_nn_4.keras, 0, 224
ga_generation_56_nn_4.keras, 2, 362
ga_generation_56_nn_14.keras, 0, 235
ga_generation_56_nn_13.keras, 0, 265
ga_generation_56_nn_20.keras, 0, 327
ga_generation_56_nn_15.keras, 2, 355
ga_generation_56_nn_1.keras, 1, 274
ga_generation_56_nn_3.keras, 1, 369
ga_generation_56_nn_17.keras, 3, 311
ga_generation_56_nn_11.keras, 1, 387
ga_generation_56_nn_7.keras, 1, 315
ga_generation_56_nn_6.keras, 2, 341
ga_generation_56_nn_18.keras, 0, 341
ga_generation_56_nn_10.keras, 1, 360
ga_generation_56_nn_19.keras, 1, 362
ga_generation_56_nn_5.keras, 0, 250
ga_generation_56_nn_2.keras, 2, 339
ga_generation_56_nn_9.keras, 0, 300
ga_generation_56_nn_8.keras, 0, 248
ga_generation_56_nn_12.keras, 3, 353
ga_generation_56_nn_16.keras, 1, 347
ga_generation_57_nn_14.keras, 1, 350
ga_generation_57_nn_4.keras, 0, 317
ga_generation_57_nn_7.keras, 1, 321
ga_generation_57_nn_19.keras, 3, 413
ga_generation_57_nn_17.keras, 0, 266
ga_generation_57_nn_6.keras, 1, 295
ga_generation_57_nn_12.keras, 1, 341
ga_generation_57_nn_18.keras, 2, 311
ga_generation_57_nn_1.keras, 1, 340
ga_generation_57_nn_8.keras, 1, 298
ga_generation_57_nn_3.keras, 1, 272
ga_generation_57_nn_11.keras, 0, 254
ga_generation_57_nn_9.keras, 2, 366
ga_generation_57_nn_10.keras, 3, 398
ga_generation_57_nn_15.keras, 1, 368
ga_generation_57_nn_5.keras, 2, 325
ga_generation_57_nn_13.keras, 1, 388
ga_generation_57_nn_2.keras, 3, 470
ga_generation_57_nn_16.keras, 1, 352
ga_generation_57_nn_20.keras, 1, 338
ga_generation_58_nn_6.keras, 0, 248
ga_generation_58_nn_7.keras, 1, 318
ga_generation_58_nn_1.keras, 1, 342
ga_generation_58_nn_19.keras, 1, 347
ga_generation_58_nn_18.keras, 2, 387
ga_generation_58_nn_4.keras, 0, 349
ga_generation_58_nn_5.keras, 1, 271
ga_generation_58_nn_11.keras, 0, 322
ga_generation_58_nn_20.keras, 1, 275
ga_generation_58_nn_14.keras, 0, 296
ga_generation_58_nn_10.keras, 3, 370
ga_generation_58_nn_17.keras, 2, 326
ga_generation_58_nn_9.keras, 3, 427
ga_generation_58_nn_3.keras, 2, 418
ga_generation_58_nn_16.keras, 0, 267
ga_generation_58_nn_13.keras, 1, 390
ga_generation_58_nn_15.keras, 2, 331
ga_generation_58_nn_12.keras, 1, 266
ga_generation_58_nn_8.keras, 1, 334
ga_generation_58_nn_2.keras, 1, 352
ga_generation_59_nn_20.keras, 0, 252
ga_generation_59_nn_5.keras, 0, 287
ga_generation_59_nn_7.keras, 0, 268
ga_generation_59_nn_18.keras, 3, 387
ga_generation_59_nn_17.keras, 1, 334
ga_generation_59_nn_15.keras, 3, 391
ga_generation_59_nn_2.keras, 0, 288
ga_generation_59_nn_9.keras, 0, 318
ga_generation_59_nn_14.keras, 2, 351
ga_generation_59_nn_4.keras, 0, 270
ga_generation_59_nn_8.keras, 1, 345
ga_generation_59_nn_13.keras, 1, 284
ga_generation_59_nn_19.keras, 1, 313
ga_generation_59_nn_6.keras, 1, 320
ga_generation_59_nn_11.keras, 1, 338
ga_generation_59_nn_10.keras, 4, 402
ga_generation_59_nn_16.keras, 1, 337
ga_generation_59_nn_12.keras, 0, 294
ga_generation_59_nn_3.keras, 1, 302
ga_generation_59_nn_1.keras, 0, 278
ga_generation_60_nn_7.keras, 1, 264
ga_generation_60_nn_19.keras, 3, 329
ga_generation_60_nn_11.keras, 1, 379
ga_generation_60_nn_9.keras, 0, 285
ga_generation_60_nn_18.keras, 2, 297
ga_generation_60_nn_2.keras, 0, 263
ga_generation_60_nn_20.keras, 0, 310
ga_generation_60_nn_12.keras, 4, 415
ga_generation_60_nn_10.keras, 1, 276
ga_generation_60_nn_5.keras, 0, 264
ga_generation_60_nn_13.keras, 1, 305
ga_generation_60_nn_6.keras, 1, 280
ga_generation_60_nn_4.keras, 1, 293
ga_generation_60_nn_3.keras, 0, 232
ga_generation_60_nn_16.keras, 2, 400
ga_generation_60_nn_14.keras, 0, 299
ga_generation_60_nn_8.keras, 1, 300
ga_generation_60_nn_17.keras, 2, 360
ga_generation_60_nn_1.keras, 1, 346
ga_generation_60_nn_15.keras, 2, 399
ga_generation_61_nn_2.keras, 0, 336
ga_generation_61_nn_12.keras, 0, 353
ga_generation_61_nn_8.keras, 0, 292
ga_generation_61_nn_19.keras, 0, 266
ga_generation_61_nn_20.keras, 0, 302
ga_generation_61_nn_5.keras, 0, 214
ga_generation_61_nn_11.keras, 2, 317
ga_generation_61_nn_17.keras, 4, 415
ga_generation_61_nn_15.keras, 0, 242
ga_generation_61_nn_10.keras, 1, 250
ga_generation_61_nn_6.keras, 1, 369
ga_generation_61_nn_13.keras, 0, 289
ga_generation_61_nn_4.keras, 1, 355
ga_generation_61_nn_7.keras, 2, 379
ga_generation_61_nn_3.keras, 3, 400
ga_generation_61_nn_1.keras, 2, 366
ga_generation_61_nn_18.keras, 1, 329
ga_generation_61_nn_14.keras, 1, 331
ga_generation_61_nn_16.keras, 1, 243
ga_generation_61_nn_9.keras, 2, 349
ga_generation_62_nn_1.keras, 0, 234
ga_generation_62_nn_11.keras, 0, 239
ga_generation_62_nn_4.keras, 0, 286
ga_generation_62_nn_10.keras, 1, 285
ga_generation_62_nn_17.keras, 1, 356
ga_generation_62_nn_3.keras, 2, 331
ga_generation_62_nn_19.keras, 0, 347
ga_generation_62_nn_14.keras, 2, 385
ga_generation_62_nn_18.keras, 1, 293
ga_generation_62_nn_8.keras, 2, 337
ga_generation_62_nn_2.keras, 3, 375
ga_generation_62_nn_15.keras, 3, 434
ga_generation_62_nn_20.keras, 2, 372
ga_generation_62_nn_16.keras, 3, 439
ga_generation_62_nn_5.keras, 2, 309
ga_generation_62_nn_12.keras, 2, 296
ga_generation_62_nn_9.keras, 0, 333
ga_generation_62_nn_13.keras, 1, 327
ga_generation_62_nn_7.keras, 2, 377
ga_generation_62_nn_6.keras, 1, 328
ga_generation_63_nn_6.keras, 1, 333
ga_generation_63_nn_18.keras, 1, 352
ga_generation_63_nn_10.keras, 1, 361
ga_generation_63_nn_16.keras, 0, 273
ga_generation_63_nn_17.keras, 0, 323
ga_generation_63_nn_14.keras, 0, 286
ga_generation_63_nn_15.keras, 2, 349
ga_generation_63_nn_7.keras, 0, 316
ga_generation_63_nn_13.keras, 0, 209
ga_generation_63_nn_12.keras, 1, 406
ga_generation_63_nn_2.keras, 0, 286
ga_generation_63_nn_4.keras, 1, 224
ga_generation_63_nn_1.keras, 2, 319
ga_generation_63_nn_19.keras, 0, 287
ga_generation_63_nn_5.keras, 1, 319
ga_generation_63_nn_8.keras, 2, 387
ga_generation_63_nn_20.keras, 0, 245
ga_generation_63_nn_11.keras, 0, 271
ga_generation_63_nn_9.keras, 1, 308
ga_generation_63_nn_3.keras, 1, 352
ga_generation_64_nn_5.keras, 4, 459
ga_generation_64_nn_8.keras, 0, 302
ga_generation_64_nn_15.keras, 2, 314
ga_generation_64_nn_7.keras, 0, 285
ga_generation_64_nn_4.keras, 0, 285
ga_generation_64_nn_18.keras, 2, 318
ga_generation_64_nn_17.keras, 3, 436
ga_generation_64_nn_1.keras, 1, 308
ga_generation_64_nn_20.keras, 1, 350
ga_generation_64_nn_2.keras, 0, 301
ga_generation_64_nn_13.keras, 0, 258
ga_generation_64_nn_19.keras, 1, 342
ga_generation_64_nn_6.keras, 1, 313
ga_generation_64_nn_14.keras, 1, 328
ga_generation_64_nn_3.keras, 1, 347
ga_generation_64_nn_16.keras, 0, 304
ga_generation_64_nn_9.keras, 0, 249
ga_generation_64_nn_11.keras, 0, 231
ga_generation_64_nn_12.keras, 2, 342
ga_generation_64_nn_10.keras, 0, 275
ga_generation_65_nn_2.keras, 0, 326
ga_generation_65_nn_10.keras, 0, 313
ga_generation_65_nn_7.keras, 2, 319
ga_generation_65_nn_8.keras, 1, 331
ga_generation_65_nn_9.keras, 1, 327
ga_generation_65_nn_4.keras, 1, 364
ga_generation_65_nn_18.keras, 3, 382
ga_generation_65_nn_16.keras, 2, 327
ga_generation_65_nn_5.keras, 1, 395
ga_generation_65_nn_15.keras, 0, 286
ga_generation_65_nn_19.keras, 2, 385
ga_generation_65_nn_12.keras, 2, 387
ga_generation_65_nn_3.keras, 1, 356
ga_generation_65_nn_17.keras, 1, 328
ga_generation_65_nn_14.keras, 1, 318
ga_generation_65_nn_6.keras, 0, 268
ga_generation_65_nn_11.keras, 0, 247
ga_generation_65_nn_13.keras, 2, 282
ga_generation_65_nn_20.keras, 2, 303
ga_generation_65_nn_1.keras, 1, 296
ga_generation_66_nn_17.keras, 1, 234
ga_generation_66_nn_6.keras, 1, 346
ga_generation_66_nn_16.keras, 0, 260
ga_generation_66_nn_5.keras, 2, 333
ga_generation_66_nn_14.keras, 1, 347
ga_generation_66_nn_15.keras, 0, 230
ga_generation_66_nn_1.keras, 3, 421
ga_generation_66_nn_4.keras, 2, 382
ga_generation_66_nn_12.keras, 1, 282
ga_generation_66_nn_3.keras, 2, 363
ga_generation_66_nn_13.keras, 1, 295
ga_generation_66_nn_20.keras, 2, 346
ga_generation_66_nn_2.keras, 2, 325
ga_generation_66_nn_9.keras, 1, 302
ga_generation_66_nn_19.keras, 0, 246
ga_generation_66_nn_7.keras, 0, 285
ga_generation_66_nn_18.keras, 1, 390
ga_generation_66_nn_10.keras, 1, 370
ga_generation_66_nn_11.keras, 2, 312
ga_generation_66_nn_8.keras, 1, 295
ga_generation_67_nn_14.keras, 1, 316
ga_generation_67_nn_11.keras, 0, 272
ga_generation_67_nn_9.keras, 2, 324
ga_generation_67_nn_13.keras, 1, 296
ga_generation_67_nn_12.keras, 1, 376
ga_generation_67_nn_10.keras, 1, 311
ga_generation_67_nn_16.keras, 1, 265
ga_generation_67_nn_2.keras, 2, 346
ga_generation_67_nn_4.keras, 1, 292
ga_generation_67_nn_15.keras, 0, 237
ga_generation_67_nn_19.keras, 2, 343
ga_generation_67_nn_1.keras, 2, 393
ga_generation_67_nn_7.keras, 0, 234
ga_generation_67_nn_8.keras, 0, 229
ga_generation_67_nn_6.keras, 1, 312
ga_generation_67_nn_18.keras, 1, 376
ga_generation_67_nn_20.keras, 1, 300
ga_generation_67_nn_17.keras, 1, 359
ga_generation_67_nn_5.keras, 1, 307
ga_generation_67_nn_3.keras, 1, 336
ga_generation_68_nn_17.keras, 2, 350
ga_generation_68_nn_6.keras, 1, 306
ga_generation_68_nn_5.keras, 0, 283
ga_generation_68_nn_20.keras, 2, 366
ga_generation_68_nn_13.keras, 1, 351
ga_generation_68_nn_16.keras, 0, 278
ga_generation_68_nn_3.keras, 4, 411
ga_generation_68_nn_1.keras, 0, 234
ga_generation_68_nn_15.keras, 0, 213
ga_generation_68_nn_10.keras, 1, 321
ga_generation_68_nn_19.keras, 0, 356
ga_generation_68_nn_11.keras, 2, 330
ga_generation_68_nn_4.keras, 1, 275
ga_generation_68_nn_12.keras, 0, 297
ga_generation_68_nn_2.keras, 0, 324
ga_generation_68_nn_8.keras, 1, 315
ga_generation_68_nn_14.keras, 2, 368
ga_generation_68_nn_18.keras, 2, 364
ga_generation_68_nn_9.keras, 1, 340
ga_generation_68_nn_7.keras, 1, 329
ga_generation_69_nn_16.keras, 0, 276
ga_generation_69_nn_15.keras, 1, 332
ga_generation_69_nn_5.keras, 0, 296
ga_generation_69_nn_19.keras, 0, 324
ga_generation_69_nn_14.keras, 0, 248
ga_generation_69_nn_7.keras, 1, 312
ga_generation_69_nn_3.keras, 1, 381
ga_generation_69_nn_20.keras, 1, 356
ga_generation_69_nn_12.keras, 2, 413
ga_generation_69_nn_6.keras, 3, 331
ga_generation_69_nn_17.keras, 1, 319
ga_generation_69_nn_18.keras, 1, 316
ga_generation_69_nn_2.keras, 1, 309
ga_generation_69_nn_13.keras, 2, 352
ga_generation_69_nn_9.keras, 1, 338
ga_generation_69_nn_1.keras, 2, 335
ga_generation_69_nn_10.keras, 1, 262
ga_generation_69_nn_8.keras, 1, 318
ga_generation_69_nn_11.keras, 1, 295
ga_generation_69_nn_4.keras, 0, 216
ga_generation_70_nn_6.keras, 3, 362
ga_generation_70_nn_10.keras, 0, 201
ga_generation_70_nn_4.keras, 3, 348
ga_generation_70_nn_11.keras, 1, 382
ga_generation_70_nn_1.keras, 0, 303
ga_generation_70_nn_17.keras, 0, 184
ga_generation_70_nn_8.keras, 0, 247
ga_generation_70_nn_19.keras, 1, 282
ga_generation_70_nn_2.keras, 1, 290
ga_generation_70_nn_7.keras, 0, 305
ga_generation_70_nn_18.keras, 2, 267
ga_generation_70_nn_15.keras, 2, 313
ga_generation_70_nn_13.keras, 1, 347
ga_generation_70_nn_3.keras, 2, 341
ga_generation_70_nn_5.keras, 0, 302
ga_generation_70_nn_9.keras, 1, 271
ga_generation_70_nn_16.keras, 0, 281
ga_generation_70_nn_14.keras, 1, 342
ga_generation_70_nn_12.keras, 2, 353
ga_generation_70_nn_20.keras, 1, 312
ga_generation_71_nn_14.keras, 2, 340
ga_generation_71_nn_9.keras, 3, 339
ga_generation_71_nn_13.keras, 0, 250
ga_generation_71_nn_15.keras, 2, 397
ga_generation_71_nn_4.keras, 1, 344
ga_generation_71_nn_2.keras, 4, 387
ga_generation_71_nn_3.keras, 0, 291
ga_generation_71_nn_19.keras, 4, 358
ga_generation_71_nn_18.keras, 1, 283
ga_generation_71_nn_8.keras, 2, 346
ga_generation_71_nn_11.keras, 2, 321
ga_generation_71_nn_16.keras, 0, 276
ga_generation_71_nn_20.keras, 0, 269
ga_generation_71_nn_10.keras, 0, 239
ga_generation_71_nn_12.keras, 0, 262
ga_generation_71_nn_7.keras, 1, 301
ga_generation_71_nn_1.keras, 0, 356
ga_generation_71_nn_17.keras, 2, 341
ga_generation_71_nn_6.keras, 1, 334
ga_generation_71_nn_5.keras, 3, 375
ga_generation_72_nn_12.keras, 2, 322
ga_generation_72_nn_8.keras, 0, 286
ga_generation_72_nn_19.keras, 2, 356
ga_generation_72_nn_5.keras, 2, 412
ga_generation_72_nn_9.keras, 1, 292
ga_generation_72_nn_2.keras, 1, 333
ga_generation_72_nn_18.keras, 1, 300
ga_generation_72_nn_14.keras, 2, 326
ga_generation_72_nn_17.keras, 1, 316
ga_generation_72_nn_16.keras, 1, 389
ga_generation_72_nn_11.keras, 0, 297
ga_generation_72_nn_7.keras, 3, 341
ga_generation_72_nn_3.keras, 0, 312
ga_generation_72_nn_6.keras, 1, 289
ga_generation_72_nn_10.keras, 1, 278
ga_generation_72_nn_13.keras, 0, 313
ga_generation_72_nn_15.keras, 1, 265
ga_generation_72_nn_20.keras, 3, 375
ga_generation_72_nn_4.keras, 2, 320
ga_generation_72_nn_1.keras, 0, 287
ga_generation_73_nn_7.keras, 0, 326
ga_generation_73_nn_1.keras, 0, 321
ga_generation_73_nn_17.keras, 0, 247
ga_generation_73_nn_5.keras, 1, 369
ga_generation_73_nn_10.keras, 0, 300
ga_generation_73_nn_18.keras, 1, 306
ga_generation_73_nn_14.keras, 2, 425
ga_generation_73_nn_4.keras, 0, 276
ga_generation_73_nn_6.keras, 1, 341
ga_generation_73_nn_12.keras, 2, 394
ga_generation_73_nn_19.keras, 0, 265
ga_generation_73_nn_11.keras, 0, 350
ga_generation_73_nn_3.keras, 2, 300
ga_generation_73_nn_2.keras, 0, 269
ga_generation_73_nn_16.keras, 2, 305
ga_generation_73_nn_9.keras, 1, 314
ga_generation_73_nn_15.keras, 1, 347
ga_generation_73_nn_20.keras, 1, 283
ga_generation_73_nn_8.keras, 1, 397
ga_generation_73_nn_13.keras, 2, 324
ga_generation_74_nn_11.keras, 3, 419
ga_generation_74_nn_7.keras, 3, 372
ga_generation_74_nn_18.keras, 0, 330
ga_generation_74_nn_6.keras, 0, 320
ga_generation_74_nn_19.keras, 4, 392
ga_generation_74_nn_17.keras, 1, 341
ga_generation_74_nn_10.keras, 3, 387
ga_generation_74_nn_1.keras, 1, 338
ga_generation_74_nn_16.keras, 0, 262
ga_generation_74_nn_8.keras, 0, 275
ga_generation_74_nn_15.keras, 1, 296
ga_generation_74_nn_12.keras, 0, 281
ga_generation_74_nn_2.keras, 1, 330
ga_generation_74_nn_13.keras, 1, 342
ga_generation_74_nn_5.keras, 3, 376
ga_generation_74_nn_20.keras, 0, 238
ga_generation_74_nn_14.keras, 0, 341
ga_generation_74_nn_9.keras, 2, 262
ga_generation_74_nn_4.keras, 1, 351
ga_generation_74_nn_3.keras, 2, 387
ga_generation_75_nn_12.keras, 1, 276
ga_generation_75_nn_10.keras, 1, 252
ga_generation_75_nn_16.keras, 1, 291
ga_generation_75_nn_13.keras, 1, 352
ga_generation_75_nn_9.keras, 1, 264
ga_generation_75_nn_8.keras, 1, 364
ga_generation_75_nn_2.keras, 1, 321
ga_generation_75_nn_18.keras, 0, 336
ga_generation_75_nn_11.keras, 0, 259
ga_generation_75_nn_17.keras, 2, 410
ga_generation_75_nn_15.keras, 2, 298
ga_generation_75_nn_20.keras, 0, 289
ga_generation_75_nn_5.keras, 2, 330
ga_generation_75_nn_1.keras, 0, 250
ga_generation_75_nn_3.keras, 3, 394
ga_generation_75_nn_4.keras, 1, 345
ga_generation_75_nn_7.keras, 2, 390
ga_generation_75_nn_14.keras, 1, 383
ga_generation_75_nn_19.keras, 1, 348
ga_generation_75_nn_6.keras, 0, 286
ga_generation_76_nn_3.keras, 1, 358
ga_generation_76_nn_2.keras, 0, 283
ga_generation_76_nn_4.keras, 0, 236
ga_generation_76_nn_11.keras, 1, 282
ga_generation_76_nn_19.keras, 0, 317
ga_generation_76_nn_6.keras, 2, 395
ga_generation_76_nn_16.keras, 1, 296
ga_generation_76_nn_14.keras, 2, 399
ga_generation_76_nn_5.keras, 1, 281
ga_generation_76_nn_1.keras, 3, 462
ga_generation_76_nn_7.keras, 0, 296
ga_generation_76_nn_13.keras, 1, 279
ga_generation_76_nn_10.keras, 3, 390
ga_generation_76_nn_15.keras, 2, 346
ga_generation_76_nn_9.keras, 1, 293
ga_generation_76_nn_20.keras, 1, 378
ga_generation_76_nn_17.keras, 1, 299
ga_generation_76_nn_12.keras, 0, 261
ga_generation_76_nn_18.keras, 2, 332
ga_generation_76_nn_8.keras, 1, 346
ga_generation_77_nn_2.keras, 1, 309
ga_generation_77_nn_19.keras, 2, 377
ga_generation_77_nn_12.keras, 1, 362
ga_generation_77_nn_9.keras, 1, 295
ga_generation_77_nn_17.keras, 2, 297
ga_generation_77_nn_1.keras, 0, 282
ga_generation_77_nn_20.keras, 0, 269
ga_generation_77_nn_8.keras, 1, 364
ga_generation_77_nn_6.keras, 0, 313
ga_generation_77_nn_4.keras, 0, 278
ga_generation_77_nn_3.keras, 2, 308
ga_generation_77_nn_14.keras, 1, 328
ga_generation_77_nn_7.keras, 2, 358
ga_generation_77_nn_5.keras, 2, 312
ga_generation_77_nn_15.keras, 2, 347
ga_generation_77_nn_10.keras, 0, 301
ga_generation_77_nn_13.keras, 3, 386
ga_generation_77_nn_18.keras, 0, 351
ga_generation_77_nn_10.keras, 0, 363
ga_generation_77_nn_5.keras, 0, 287
ga_generation_77_nn_18.keras, 0, 323
ga_generation_77_nn_6.keras, 1, 300
ga_generation_77_nn_7.keras, 0, 300
ga_generation_77_nn_17.keras, 0, 261
ga_generation_77_nn_20.keras, 2, 346
ga_generation_77_nn_3.keras, 1, 302
ga_generation_77_nn_2.keras, 0, 242
ga_generation_77_nn_12.keras, 0, 242
ga_generation_77_nn_9.keras, 0, 289
ga_generation_77_nn_1.keras, 2, 409
ga_generation_77_nn_13.keras, 2, 365
ga_generation_77_nn_16.keras, 2, 335
ga_generation_77_nn_8.keras, 0, 299
ga_generation_77_nn_14.keras, 2, 408
ga_generation_77_nn_15.keras, 1, 286
ga_generation_77_nn_4.keras, 1, 332
ga_generation_77_nn_11.keras, 1, 382
ga_generation_77_nn_19.keras, 0, 361
ga_generation_78_nn_6.keras, 0, 261
ga_generation_78_nn_15.keras, 1, 292
ga_generation_78_nn_5.keras, 2, 328
ga_generation_78_nn_14.keras, 0, 276
ga_generation_78_nn_20.keras, 1, 296
ga_generation_78_nn_17.keras, 2, 276
ga_generation_78_nn_16.keras, 1, 285
ga_generation_78_nn_2.keras, 0, 291
ga_generation_78_nn_4.keras, 0, 307
ga_generation_78_nn_3.keras, 1, 278
ga_generation_78_nn_13.keras, 1, 330
ga_generation_78_nn_19.keras, 0, 233
ga_generation_78_nn_1.keras, 1, 309
ga_generation_78_nn_12.keras, 1, 335
ga_generation_78_nn_8.keras, 2, 311
ga_generation_78_nn_18.keras, 0, 280
ga_generation_78_nn_10.keras, 1, 280
ga_generation_78_nn_11.keras, 2, 352
ga_generation_78_nn_7.keras, 0, 289
ga_generation_78_nn_9.keras, 1, 351
ga_generation_79_nn_12.keras, 1, 322
ga_generation_79_nn_11.keras, 0, 246
ga_generation_79_nn_8.keras, 2, 390
ga_generation_79_nn_5.keras, 3, 374
ga_generation_79_nn_16.keras, 1, 315
ga_generation_79_nn_19.keras, 1, 296
ga_generation_79_nn_17.keras, 2, 364
ga_generation_79_nn_7.keras, 3, 306
ga_generation_79_nn_2.keras, 0, 314
ga_generation_79_nn_18.keras, 0, 327
ga_generation_79_nn_10.keras, 2, 404
ga_generation_79_nn_9.keras, 1, 378
ga_generation_79_nn_13.keras, 0, 219
ga_generation_79_nn_20.keras, 0, 238
ga_generation_79_nn_15.keras, 1, 290
ga_generation_79_nn_14.keras, 1, 334
ga_generation_79_nn_3.keras, 3, 461
ga_generation_79_nn_1.keras, 1, 324
ga_generation_79_nn_4.keras, 0, 318
ga_generation_79_nn_6.keras, 1, 357
ga_generation_80_nn_9.keras, 0, 258
ga_generation_80_nn_18.keras, 0, 254
ga_generation_80_nn_20.keras, 0, 266
ga_generation_80_nn_7.keras, 0, 249
ga_generation_80_nn_2.keras, 1, 366
ga_generation_80_nn_11.keras, 0, 246
ga_generation_80_nn_8.keras, 1, 327
ga_generation_80_nn_17.keras, 1, 315
ga_generation_80_nn_19.keras, 0, 217
ga_generation_80_nn_1.keras, 0, 239
ga_generation_80_nn_6.keras, 1, 351
ga_generation_80_nn_5.keras, 1, 309
ga_generation_80_nn_3.keras, 2, 315
ga_generation_80_nn_12.keras, 0, 261
ga_generation_80_nn_10.keras, 1, 330
ga_generation_80_nn_16.keras, 1, 310
ga_generation_80_nn_13.keras, 0, 269
ga_generation_80_nn_4.keras, 0, 266
ga_generation_80_nn_14.keras, 3, 381
ga_generation_80_nn_15.keras, 1, 364
ga_generation_81_nn_12.keras, 1, 343
ga_generation_81_nn_4.keras, 1, 291
ga_generation_81_nn_6.keras, 1, 332
ga_generation_81_nn_8.keras, 1, 259
ga_generation_81_nn_17.keras, 0, 252
ga_generation_81_nn_7.keras, 1, 313
ga_generation_81_nn_13.keras, 1, 325
ga_generation_81_nn_20.keras, 1, 346
ga_generation_81_nn_18.keras, 0, 157
ga_generation_81_nn_9.keras, 0, 234
ga_generation_81_nn_1.keras, 2, 354
ga_generation_81_nn_5.keras, 0, 223
ga_generation_81_nn_16.keras, 4, 442
ga_generation_81_nn_11.keras, 0, 258
ga_generation_81_nn_15.keras, 0, 261
ga_generation_81_nn_10.keras, 1, 308
ga_generation_81_nn_19.keras, 2, 349
ga_generation_81_nn_3.keras, 1, 351
ga_generation_81_nn_14.keras, 2, 334
ga_generation_81_nn_2.keras, 2, 399
ga_generation_82_nn_19.keras, 0, 330
ga_generation_82_nn_7.keras, 0, 275
ga_generation_82_nn_2.keras, 2, 415
ga_generation_82_nn_8.keras, 1, 348
ga_generation_82_nn_16.keras, 0, 280
ga_generation_82_nn_20.keras, 1, 347
ga_generation_82_nn_13.keras, 1, 241
ga_generation_82_nn_17.keras, 1, 221
ga_generation_82_nn_18.keras, 1, 298
ga_generation_82_nn_5.keras, 2, 317
ga_generation_82_nn_11.keras, 2, 364
ga_generation_82_nn_14.keras, 3, 413
ga_generation_82_nn_15.keras, 0, 313
ga_generation_82_nn_9.keras, 2, 365
ga_generation_82_nn_1.keras, 2, 307
ga_generation_82_nn_12.keras, 1, 257
ga_generation_82_nn_6.keras, 0, 271
ga_generation_82_nn_10.keras, 1, 366
ga_generation_82_nn_4.keras, 0, 238
ga_generation_82_nn_3.keras, 1, 260
ga_generation_83_nn_7.keras, 2, 370
ga_generation_83_nn_6.keras, 1, 213
ga_generation_83_nn_18.keras, 2, 365
ga_generation_83_nn_10.keras, 1, 317
ga_generation_83_nn_17.keras, 1, 303
ga_generation_83_nn_20.keras, 3, 448
ga_generation_83_nn_16.keras, 2, 348
ga_generation_83_nn_3.keras, 3, 334
ga_generation_83_nn_5.keras, 0, 307
ga_generation_83_nn_15.keras, 2, 316
ga_generation_83_nn_13.keras, 0, 337
ga_generation_83_nn_8.keras, 0, 305
ga_generation_83_nn_9.keras, 0, 291
ga_generation_83_nn_4.keras, 1, 261
ga_generation_83_nn_14.keras, 1, 318
ga_generation_83_nn_11.keras, 1, 334
ga_generation_83_nn_1.keras, 1, 319
ga_generation_83_nn_2.keras, 0, 271
ga_generation_83_nn_12.keras, 1, 347
ga_generation_83_nn_19.keras, 2, 404
ga_generation_84_nn_1.keras, 1, 356
ga_generation_84_nn_10.keras, 1, 238
ga_generation_84_nn_17.keras, 0, 370
ga_generation_84_nn_6.keras, 3, 428
ga_generation_84_nn_7.keras, 0, 304
ga_generation_84_nn_18.keras, 1, 370
ga_generation_84_nn_16.keras, 1, 304
ga_generation_84_nn_5.keras, 1, 314
ga_generation_84_nn_20.keras, 0, 247
ga_generation_84_nn_14.keras, 2, 397
ga_generation_84_nn_9.keras, 0, 249
ga_generation_84_nn_3.keras, 3, 399
ga_generation_84_nn_19.keras, 0, 265
ga_generation_84_nn_15.keras, 1, 298
ga_generation_84_nn_12.keras, 2, 372
ga_generation_84_nn_11.keras, 0, 281
ga_generation_84_nn_2.keras, 0, 368
ga_generation_84_nn_4.keras, 0, 352
ga_generation_84_nn_8.keras, 1, 309
ga_generation_84_nn_13.keras, 1, 359
ga_generation_85_nn_10.keras, 1, 315
ga_generation_85_nn_7.keras, 2, 298
ga_generation_85_nn_16.keras, 1, 303
ga_generation_85_nn_18.keras, 1, 352
ga_generation_85_nn_8.keras, 3, 403
ga_generation_85_nn_15.keras, 1, 358
ga_generation_85_nn_19.keras, 0, 308
ga_generation_85_nn_5.keras, 2, 421
ga_generation_85_nn_6.keras, 2, 288
ga_generation_85_nn_17.keras, 0, 254
ga_generation_85_nn_13.keras, 0, 231
ga_generation_85_nn_11.keras, 0, 296
ga_generation_85_nn_3.keras, 1, 336
ga_generation_85_nn_1.keras, 1, 324
ga_generation_85_nn_4.keras, 1, 325
ga_generation_85_nn_12.keras, 1, 311
ga_generation_85_nn_2.keras, 2, 375
ga_generation_85_nn_20.keras, 2, 328
ga_generation_85_nn_9.keras, 0, 197
ga_generation_85_nn_14.keras, 2, 334
ga_generation_86_nn_16.keras, 2, 325
ga_generation_86_nn_4.keras, 1, 298
ga_generation_86_nn_5.keras, 3, 358
ga_generation_86_nn_9.keras, 1, 258
ga_generation_86_nn_18.keras, 3, 362
ga_generation_86_nn_15.keras, 0, 295
ga_generation_86_nn_3.keras, 1, 340
ga_generation_86_nn_2.keras, 3, 399
ga_generation_86_nn_20.keras, 0, 240
ga_generation_86_nn_14.keras, 1, 314
ga_generation_86_nn_13.keras, 0, 293
ga_generation_86_nn_7.keras, 1, 315
ga_generation_86_nn_8.keras, 0, 292
ga_generation_86_nn_12.keras, 3, 392
ga_generation_86_nn_1.keras, 2, 373
ga_generation_86_nn_19.keras, 1, 338
ga_generation_86_nn_6.keras, 1, 272
ga_generation_86_nn_17.keras, 1, 379
ga_generation_86_nn_10.keras, 0, 291
ga_generation_86_nn_11.keras, 2, 416
ga_generation_87_nn_7.keras, 0, 318
ga_generation_87_nn_10.keras, 4, 398
ga_generation_87_nn_17.keras, 1, 357
ga_generation_87_nn_6.keras, 3, 387
ga_generation_87_nn_18.keras, 0, 244
ga_generation_87_nn_13.keras, 0, 284
ga_generation_87_nn_1.keras, 3, 430
ga_generation_87_nn_16.keras, 0, 331
ga_generation_87_nn_5.keras, 0, 243
ga_generation_87_nn_15.keras, 2, 308
ga_generation_87_nn_12.keras, 1, 307
ga_generation_87_nn_4.keras, 0, 285
ga_generation_87_nn_19.keras, 0, 279
ga_generation_87_nn_11.keras, 1, 336
ga_generation_87_nn_3.keras, 2, 311
ga_generation_87_nn_9.keras, 1, 254
ga_generation_87_nn_8.keras, 3, 395
ga_generation_87_nn_14.keras, 1, 312
ga_generation_87_nn_2.keras, 1, 324
ga_generation_87_nn_20.keras, 1, 248
ga_generation_88_nn_18.keras, 3, 412
ga_generation_88_nn_11.keras, 1, 316
ga_generation_88_nn_7.keras, 1, 317
ga_generation_88_nn_19.keras, 2, 385
ga_generation_88_nn_6.keras, 3, 392
ga_generation_88_nn_17.keras, 1, 285
ga_generation_88_nn_4.keras, 0, 306
ga_generation_88_nn_15.keras, 1, 264
ga_generation_88_nn_8.keras, 1, 323
ga_generation_88_nn_1.keras, 1, 341
ga_generation_88_nn_16.keras, 0, 327
ga_generation_88_nn_14.keras, 1, 274
ga_generation_88_nn_5.keras, 1, 341
ga_generation_88_nn_3.keras, 2, 393
ga_generation_88_nn_12.keras, 1, 305
ga_generation_88_nn_2.keras, 0, 287
ga_generation_88_nn_13.keras, 1, 300
ga_generation_88_nn_9.keras, 0, 251
ga_generation_88_nn_20.keras, 0, 263
ga_generation_88_nn_10.keras, 0, 276
ga_generation_89_nn_12.keras, 1, 278
ga_generation_89_nn_9.keras, 2, 318
ga_generation_89_nn_20.keras, 0, 232
ga_generation_89_nn_7.keras, 0, 281
ga_generation_89_nn_13.keras, 2, 360
ga_generation_89_nn_18.keras, 3, 385
ga_generation_89_nn_2.keras, 1, 297
ga_generation_89_nn_4.keras, 0, 256
ga_generation_89_nn_5.keras, 2, 326
ga_generation_89_nn_19.keras, 2, 327
ga_generation_89_nn_17.keras, 1, 291
ga_generation_89_nn_10.keras, 1, 271
ga_generation_89_nn_3.keras, 3, 346
ga_generation_89_nn_16.keras, 1, 261
ga_generation_89_nn_8.keras, 2, 407
ga_generation_89_nn_15.keras, 2, 363
ga_generation_89_nn_14.keras, 1, 285
ga_generation_89_nn_6.keras, 1, 273
ga_generation_89_nn_1.keras, 1, 331
ga_generation_89_nn_11.keras, 0, 268
ga_generation_90_nn_7.keras, 1, 306
ga_generation_90_nn_17.keras, 0, 290
ga_generation_90_nn_10.keras, 0, 346
ga_generation_90_nn_18.keras, 0, 294
ga_generation_90_nn_11.keras, 1, 302
ga_generation_90_nn_8.keras, 0, 294
ga_generation_90_nn_20.keras, 1, 373
ga_generation_90_nn_19.keras, 2, 387
ga_generation_90_nn_4.keras, 1, 294
ga_generation_90_nn_1.keras, 0, 271
ga_generation_90_nn_13.keras, 1, 343
ga_generation_90_nn_15.keras, 1, 217
ga_generation_90_nn_3.keras, 1, 331
ga_generation_90_nn_5.keras, 2, 352
ga_generation_90_nn_16.keras, 2, 304
ga_generation_90_nn_2.keras, 0, 229
ga_generation_90_nn_12.keras, 2, 341
ga_generation_90_nn_9.keras, 2, 349
ga_generation_90_nn_14.keras, 1, 352
ga_generation_90_nn_6.keras, 3, 422
ga_generation_91_nn_1.keras, 3, 343
ga_generation_91_nn_6.keras, 0, 300
ga_generation_91_nn_20.keras, 1, 302
ga_generation_91_nn_13.keras, 2, 357
ga_generation_91_nn_5.keras, 3, 421
ga_generation_91_nn_4.keras, 2, 393
ga_generation_91_nn_16.keras, 1, 371
ga_generation_91_nn_12.keras, 1, 358
ga_generation_91_nn_9.keras, 0, 332
ga_generation_91_nn_14.keras, 0, 204
ga_generation_91_nn_2.keras, 0, 222
ga_generation_91_nn_15.keras, 2, 357
ga_generation_91_nn_17.keras, 1, 387
ga_generation_91_nn_8.keras, 1, 310
ga_generation_91_nn_11.keras, 1, 282
ga_generation_91_nn_7.keras, 2, 362
ga_generation_91_nn_19.keras, 2, 361
ga_generation_91_nn_18.keras, 1, 293
ga_generation_91_nn_10.keras, 2, 377
ga_generation_91_nn_3.keras, 0, 349
ga_generation_92_nn_10.keras, 1, 312
ga_generation_92_nn_18.keras, 2, 349
ga_generation_92_nn_4.keras, 3, 334
ga_generation_92_nn_11.keras, 0, 269
ga_generation_92_nn_19.keras, 1, 268
ga_generation_92_nn_8.keras, 1, 288
ga_generation_92_nn_14.keras, 1, 329
ga_generation_92_nn_3.keras, 0, 244
ga_generation_92_nn_6.keras, 2, 350
ga_generation_92_nn_7.keras, 1, 310
ga_generation_92_nn_16.keras, 0, 278
ga_generation_92_nn_9.keras, 1, 315
ga_generation_92_nn_20.keras, 1, 284
ga_generation_92_nn_17.keras, 1, 343
ga_generation_92_nn_1.keras, 1, 328
ga_generation_92_nn_13.keras, 4, 381
ga_generation_92_nn_5.keras, 0, 342
ga_generation_92_nn_2.keras, 1, 307
ga_generation_92_nn_15.keras, 2, 320
ga_generation_92_nn_12.keras, 3, 426
ga_generation_93_nn_13.keras, 1, 297
ga_generation_93_nn_19.keras, 1, 323
ga_generation_93_nn_11.keras, 1, 371
ga_generation_93_nn_3.keras, 1, 309
ga_generation_93_nn_2.keras, 0, 266
ga_generation_93_nn_6.keras, 3, 380
ga_generation_93_nn_7.keras, 0, 258
ga_generation_93_nn_10.keras, 3, 413
ga_generation_93_nn_1.keras, 0, 317
ga_generation_93_nn_8.keras, 2, 358
ga_generation_93_nn_18.keras, 0, 269
ga_generation_93_nn_16.keras, 3, 367
ga_generation_93_nn_4.keras, 0, 301
ga_generation_93_nn_17.keras, 3, 393
ga_generation_93_nn_20.keras, 2, 381
ga_generation_93_nn_12.keras, 1, 316
ga_generation_93_nn_5.keras, 0, 300
ga_generation_93_nn_14.keras, 0, 313
ga_generation_93_nn_6.keras, 2, 415
ga_generation_93_nn_11.keras, 0, 308
ga_generation_93_nn_18.keras, 0, 271
ga_generation_93_nn_4.keras, 2, 347
ga_generation_93_nn_15.keras, 0, 279
ga_generation_93_nn_17.keras, 0, 250
ga_generation_93_nn_2.keras, 1, 293
ga_generation_93_nn_1.keras, 2, 313
ga_generation_93_nn_16.keras, 1, 372
ga_generation_93_nn_8.keras, 1, 307
ga_generation_93_nn_3.keras, 0, 328
ga_generation_93_nn_10.keras, 3, 420
ga_generation_93_nn_14.keras, 1, 325
ga_generation_93_nn_9.keras, 2, 380
ga_generation_93_nn_13.keras, 0, 371
ga_generation_93_nn_19.keras, 1, 354
ga_generation_93_nn_12.keras, 1, 253
ga_generation_93_nn_20.keras, 2, 372
ga_generation_93_nn_5.keras, 1, 319
ga_generation_93_nn_7.keras, 2, 343
ga_generation_94_nn_15.keras, 2, 321
ga_generation_94_nn_20.keras, 2, 316
ga_generation_94_nn_3.keras, 1, 289
ga_generation_94_nn_4.keras, 0, 257
ga_generation_94_nn_17.keras, 2, 327
ga_generation_94_nn_2.keras, 1, 314
ga_generation_94_nn_18.keras, 1, 361
ga_generation_94_nn_10.keras, 3, 403
ga_generation_94_nn_1.keras, 2, 301
ga_generation_94_nn_16.keras, 0, 300
ga_generation_94_nn_5.keras, 1, 298
ga_generation_94_nn_11.keras, 0, 313
ga_generation_94_nn_8.keras, 0, 348
ga_generation_94_nn_19.keras, 1, 297
ga_generation_94_nn_13.keras, 3, 374
ga_generation_94_nn_12.keras, 1, 337
ga_generation_94_nn_9.keras, 0, 279
ga_generation_94_nn_7.keras, 2, 317
ga_generation_94_nn_6.keras, 0, 262
ga_generation_94_nn_14.keras, 2, 409
ga_generation_95_nn_17.keras, 1, 401
ga_generation_95_nn_20.keras, 0, 299
ga_generation_95_nn_13.keras, 0, 286
ga_generation_95_nn_1.keras, 1, 367
ga_generation_95_nn_5.keras, 1, 256
ga_generation_95_nn_3.keras, 0, 325
ga_generation_95_nn_14.keras, 1, 312
ga_generation_95_nn_15.keras, 0, 279
ga_generation_95_nn_6.keras, 0, 321
ga_generation_95_nn_10.keras, 0, 223
ga_generation_95_nn_12.keras, 2, 340
ga_generation_95_nn_4.keras, 1, 316
ga_generation_95_nn_16.keras, 0, 273
ga_generation_95_nn_7.keras, 0, 245
ga_generation_95_nn_19.keras, 0, 267
ga_generation_95_nn_18.keras, 1, 211
ga_generation_95_nn_8.keras, 1, 368
ga_generation_95_nn_2.keras, 0, 285
ga_generation_95_nn_9.keras, 1, 322
ga_generation_95_nn_11.keras, 0, 310
ga_generation_96_nn_13.keras, 0, 277
ga_generation_96_nn_20.keras, 0, 333
ga_generation_96_nn_6.keras, 3, 395
ga_generation_96_nn_14.keras, 2, 394
ga_generation_96_nn_3.keras, 1, 318
ga_generation_96_nn_17.keras, 1, 339
ga_generation_96_nn_16.keras, 1, 281
ga_generation_96_nn_18.keras, 0, 323
ga_generation_96_nn_4.keras, 2, 377
ga_generation_96_nn_2.keras, 2, 324
ga_generation_96_nn_11.keras, 0, 219
ga_generation_96_nn_19.keras, 2, 343
ga_generation_96_nn_15.keras, 2, 280
ga_generation_96_nn_1.keras, 1, 300
ga_generation_96_nn_9.keras, 1, 317
ga_generation_96_nn_8.keras, 0, 261
ga_generation_96_nn_10.keras, 2, 339
ga_generation_96_nn_12.keras, 1, 191
ga_generation_96_nn_7.keras, 2, 371
ga_generation_96_nn_5.keras, 0, 296
ga_generation_97_nn_6.keras, 1, 287
ga_generation_97_nn_5.keras, 1, 317
ga_generation_97_nn_17.keras, 0, 215
ga_generation_97_nn_1.keras, 1, 278
ga_generation_97_nn_16.keras, 3, 423
ga_generation_97_nn_7.keras, 0, 254
ga_generation_97_nn_9.keras, 1, 210
ga_generation_97_nn_11.keras, 0, 242
ga_generation_97_nn_2.keras, 3, 382
ga_generation_97_nn_12.keras, 2, 339
ga_generation_97_nn_20.keras, 1, 318
ga_generation_97_nn_8.keras, 1, 283
ga_generation_97_nn_13.keras, 1, 350
ga_generation_97_nn_10.keras, 1, 386
ga_generation_97_nn_18.keras, 1, 256
ga_generation_97_nn_14.keras, 0, 298
ga_generation_97_nn_15.keras, 1, 324
ga_generation_97_nn_3.keras, 2, 281
ga_generation_97_nn_4.keras, 1, 310
ga_generation_97_nn_19.keras, 0, 311
ga_generation_98_nn_12.keras, 1, 326
ga_generation_98_nn_9.keras, 0, 276
ga_generation_98_nn_2.keras, 1, 260
ga_generation_98_nn_13.keras, 0, 235
ga_generation_98_nn_20.keras, 0, 258
ga_generation_98_nn_8.keras, 0, 350
ga_generation_98_nn_16.keras, 2, 349
ga_generation_98_nn_11.keras, 2, 375
ga_generation_98_nn_15.keras, 0, 340
ga_generation_98_nn_1.keras, 0, 349
ga_generation_98_nn_5.keras, 1, 278
ga_generation_98_nn_7.keras, 2, 341
ga_generation_98_nn_3.keras, 0, 313
ga_generation_98_nn_19.keras, 2, 344
ga_generation_98_nn_14.keras, 1, 310
ga_generation_98_nn_4.keras, 1, 379
ga_generation_98_nn_6.keras, 0, 280
ga_generation_98_nn_18.keras, 2, 362
ga_generation_98_nn_10.keras, 1, 375
ga_generation_98_nn_17.keras, 0, 327
ga_generation_99_nn_3.keras, 1, 253
ga_generation_99_nn_13.keras, 1, 350
ga_generation_99_nn_17.keras, 2, 362
ga_generation_99_nn_14.keras, 2, 358
ga_generation_99_nn_20.keras, 0, 228
ga_generation_99_nn_5.keras, 4, 418
ga_generation_99_nn_1.keras, 1, 329
ga_generation_99_nn_16.keras, 0, 293
ga_generation_99_nn_7.keras, 1, 351
ga_generation_99_nn_6.keras, 1, 379
ga_generation_99_nn_18.keras, 2, 350
ga_generation_99_nn_9.keras, 2, 412
ga_generation_99_nn_15.keras, 2, 374
ga_generation_99_nn_12.keras, 1, 351
ga_generation_99_nn_11.keras, 1, 283
ga_generation_99_nn_8.keras, 0, 264
ga_generation_99_nn_2.keras, 1, 350
ga_generation_99_nn_19.keras, 0, 318
ga_generation_99_nn_10.keras, 1, 296
ga_generation_99_nn_4.keras, 1, 348
